"ID","Sort","BookN","PrayerN","LocationN","QoloN","QintoN","NoteN","DayN"
"7784","1","3","1","2","319","1",,"1"
"413","2","3","1","5","218",,,"1"
"8939","3","3","1","2","319","2",,"1"
"415","4","3","1","6","43",,,"1"
"8940","5","3","1","2","319","0",,"1"
"416","6","3","1","6","488",,,"1"
"417","7","3","1","10","361","1",,"1"
"418","8","3","1","11","214","1",,"1"
"419","9","3","1","15","116","1",,"1"
"7738","10","3","1","17","180","1",,"1"
"420","11","3","1","18","432","1",,"1"
"421","1","3","3","3","409",,,"1"
"9161","1","3","4","2","319","0",,"1"
"657","2","3","4","5","409",,,"1"
"658","3","3","4","5","30","1",,"1"
"9162","4","3","4","2","319","0",,"1"
"659","5","3","4","0","252","0",,"1"
"660","6","3","4","9","187","1",,"1"
"661","7","3","4","9","153","1",,"1"
"662","8","3","4","19","183","1",,"1"
"663","9","3","4","19","161","1",,"1"
"664","10","3","4","19","38","1",,"1"
"9163","1","3","5","2","319","0",,"1"
"665","2","3","5","5","470",,,"1"
"9164","3","3","5","2","319","0",,"1"
"666","4","3","5","5","181",,"345","1"
"667","5","3","5","9","389","1",,"1"
"668","6","3","5","9","198","1",,"1"
"669","7","3","5","19","181",,,"1"
"670","8","3","5","19","338",,,"1"
"671","9","3","5","15","114","1",,"1"
"9154","1","3","9","2","319","0",,"1"
"672","2","3","9","6","229",,,"1"
"9155","3","3","9","2","319","0",,"1"
"673","4","3","9","6","129",,,"1"
"9156","5","3","9","2","319","0",,"1"
"674","6","3","9","6","107",,,"1"
"9157","7","3","9","2","319","0",,"1"
"675","8","3","9","6","100",,,"1"
"9158","9","3","9","2","319","0",,"1"
"676","10","3","9","6","253",,,"1"
"9159","11","3","9","2","319","0",,"1"
"677","12","3","9","6","410",,,"1"
"9160","13","3","9","2","319","0",,"1"
"678","14","3","9","6","515",,"112","1"
"679","15","3","9","10","438","1",,"1"
"680","16","3","9","11","208","1",,"1"
"681","17","3","9","15","116","1",,"1"
"9384","18","3","9","17","180","1",,"1"
"682","19","3","9","18","431","1",,"1"
"683","1","3","10","9","261","1",,"1"
"684","2","3","10","15","116","1",,"1"
