"MelodyN","QoloN","Melody","MelodySerch","QintoN","OccasionN","NoteN","Record"
"1949","30","ܢܳܚ ܠܗܽܘܢ ܡܶܢ ܫܶܠܝܳܐ","ܢܚ ܠܗܘܢ ܡܢ ܫܠܝܐ","0",,"340","false"
"945","30","ܐܰܝܟܳܐ ܕܗܺܝ ܡܶܠܬܳܐ","ܐܝܟܐ ܕܗܝ ܡܠܬܐ","1",,"270","true"
"579","38","ܐܰܫܘܳܢܝ̄ ܡܳܪܝ̄ ܕܶܐܡܪܳܟ ܒܩܳܠܰܝ̈ܗܽܘܢ","ܐܫܘܢܝ ܡܪܝ ܕܐܡܪܟ ܒܩܠܝܗܘܢ","1",,,"true"
"580","38","ܐܶܡܰܪ ܡܳܪܝ̄ ܫܰܪܒܳܗ̇ ܕܰܩܝܳܡܬܳܟ","ܐܡܪ ܡܪܝ ܫܪܒܗ ܕܩܝܡܬܟ","2",,"241","true"
"581","38","ܐܰܠܳܗܳܐ ܒܪ̈ܰܚܡܰܘܗ̄ܝ̄","ܐܠܗܐ ܒܪܚܡܘܗܝ","3",,"240","true"
"583","38","ܐܳܘ ܥܳܠܡܳܐ ܥܽܘܡܪܳܐ ܕܥܳܩ̈ܳܬܳܐ","ܐܘ ܥܠܡܐ ܥܘܡܪܐ ܕܥܩܬܐ","4",,"243","true"
"585","38","ܫܰܦܺܝܪܳܢܝ̄ ܡܶܢ ܫܶܡܫܶܗ ܕܢܺܝܣܳܢ","ܫܦܝܪܢܝ ܡܢ ܫܡܫܗ ܕܢܝܣܢ","5",,"242","true"
"593","38","ܛܽܘܒܰܝܗܽܘܢ ܠܢܰܟ̈ܦܶܐ ܘܨܰܝ̈ܳܡܶܐ","ܛܘܒܝܗܘܢ ܠܢܟܦܐ ܘܨܝܡܐ","8",,"63","false"
"592","38","ܠܳܟ ܫܽܘܒܚܳܐ ܡܳܪܳܐ ܕܟܽܠ ܒܶܪ̈ܝܳܢ","ܠܟ ܫܘܒܚܐ ܡܪܐ ܕܟܠ ܒܪܝܢ","23",,"63","false"
"1786","43","ܐܶܡܳܐ ܕܟܺܝܬܳܐ","ܐܡܐ ܕܟܝܬܐ","4",,,"false"
"1836","100","ܒܗܰܘ̇ ܢܽܘܗܪܳܐ ܓܰܐܝܳܐ","ܒܗܘ ܢܘܗܪܐ ܓܐܝܐ","7",,,"false"
"1757","107","ܒܢܰܝ̈ ܢܽܘܗܪܳܐ","ܒܢܝ ܢܘܗܪܐ",,,,"false"
"110","114","ܒܗܳܢܳܐ ܝܰܘܡܶܗ ܕܚܰܕ ܒܫܰܒܳܐ ܢܚܶܬ ܡܰܠܐܟ̈ܶܐ ܡܶܢ ܪܰܘܡܳܐ","ܒܗܢܐ ܝܘܡܗ ܕܚܕ ܒܫܒܐ ܢܚܬ ܡܠܐܟܐ ܡܢ ܪܘܡܐ","1",,,"true"
"112","114","ܥܰܠ ܬܽܘܟܠܳܢܶܗ ܕܰܚܢܳܢܳܟ ܩܳܪܶܝܢܰܢ ܠܳܟ ܥܳܒܽܘܕܰܢ","ܥܠ ܬܘܟܠܢܗ ܕܚܢܢܟ ܩܪܝܢܢ ܠܟ ܥܒܘܕܢ","2",,,"true"
"113","114","ܠܰܓܢܽܘܢܶܗ ܕܡܳܪܳܐ ܪܚܺܝܡܳܐ ܪ̈ܗܶܛܘ̄ ܢܶܫ̈ܶܐ ܩܰܕܺܝ̈ܫܳܬܳܐ","ܠܓܢܘܢܗ ܕܡܪܐ ܪܚܝܡܐ ܪܗܛܘ ܢܫܐ ܩܕܝܫܬܐ","3",,,"true"
"114","114","ܒܚܰܕ ܒܫܰܒܳܐ ܩܰܕܡܰܬ ܡܰܪܝܰܡ ܕܬܶܚܙܶܐ ܠܰܒܪܳܗ̇ ܒܶܝܬ ܡܺܝ̈ܬܶܐ","ܒܚܕ ܒܫܒܐ ܩܕܡܬ ܡܪܝܡ ܕܬܚܙܐ ܠܒܪܗ ܒܝܬ ܡܝܬܐ","4",,,"true"
"116","114","ܨܰܝܳܡܳܐ ܕܣܳܢܶܐ ܠܰܐܚܽܘܗ̄ܝ ܐܣܽܘܛܳܐ ܚܫܺܝܒ ܠܰܐܠܳܗܳܐ","ܨܝܡܐ ܕܣܢܐ ܠܐܚܘܗܝ ܐܣܘܛܐ ܚܫܝܒ ܠܐܠܗܐ","5",,,"true"
"117","114","ܒܚܰܕ ܒܫܰܒܳܐ ܝܰܘܡܳܐ ܒܽܘܟܪܳܐ ܩܳܡ ܒܽܘܟܪܳܐ ܡܶܢ ܒܶܝܬ ܡܺܝ̈ܬܳܐ","ܒܚܕ ܒܫܒܐ ܝܘܡܐ ܒܘܟܪܐ ܩܡ ܒܘܟܪܐ ܡܢ ܒܝܬ ܡܝܬܐ","6",,,"true"
"138","114","ܒܰܪ ܐܰܠܳܗܳܐ ܕܺܐܝܬܰܘܗ̄ܝ̄ ܫܽܘܦܪܳܐ ܕܟܽܠ ܫܰܦܺܝܪ̈ܶܐ","ܒܪ ܐܠܗܐ ܕܐܝܬܘܗܝ ܫܘܦܪܐ ܕܟܠ ܫܦܝܪܐ","7",,,"true"
"141","114","ܓܰܢ̄ܒܳܪܳܐ ܕܰܢܚܶܬ ܠܰܫܝܽܘܠ ܘܰܫܪܳܐ ܫܒܺܝܬܳܐ ܡܶܢ ܡܰܘܬܳܐ","ܓܢܒܪܐ ܕܢܚܬ ܠܫܝܘܠ ܘܫܪܐ ܫܬܐ ܡܢ ܡܘܬܐ","8",,,"true"
"1874","114","ܡܳܪܰܢ ܐܶܬܪܰܚܰܡ ܥܠܰܝܢ ܒܪܳܐ ܕܰܒܨܰܘܡܶܗ ܚܰܪܰܪ ܠܰܢ (ܕܫܰܪܦܐ)","ܡܪܢ ܐܬܪܚܡ ܥܠܝܢ ܒܪܐ ܕܒܨܘܡܗ ܚܪܪ ܠܢ (ܕܫܪܦܐ)","10",,"153","true"
"1653","114","ܡܳܪܰܢ ܐܶܬܪܰܚܰܡ ܥܠܰܝܢ","ܡܪܢ ܐܬܪܚܡ ܥܠܝܢ","12",,,"true"
"132","116","ܒܳܥܽܘܬܳܐ ܕܠܳܥܳܙܳܪ","ܒܥܘܬܐ ܕܠܥܙܪ","0",,,"true"
"119","116","ܗܰܠܶܠܘ̄ ܗܰܠܶܠܘ̄ (ܕܒܶܝܬ ܝܰܠܕܳܐ)","ܗܠܠܘ ܗܠܠܘ (ܕܒܝܬ ܝܠܕܐ)","1",,,"false"
"1965","116","ܗܘܳܐ ܒܶܝܬ ܡܺܝ̈ܬܶܐ ܝܰܘ̈ܡܶܐ ܬܠܳܬܳܐ ܒܰܪ ܐܰܠܳܗܳܐ","ܗܘܐ ܒܝܬ ܡܝܬܐ ܝܘܡܐ ܬܠܬܐ ܒܪ ܐܠܗܐ","1",,,"false"
"120","116","ܡܶܢ ܝܺܘܚܰܢܳܢ ܬܶܫܡܰܥܝ̄ ܥܺܕ̄ܬܳܐ ܥܰܠ ܢܽܘܚܳܡܶܗ","ܡܢ ܝܘܚܢܢ ܬܫܡܥܝ ܥܕܬܐ ܥܠ ܢܘܚܡܗ","2",,"110","true"
"122","116","ܩܳܡ ܡܶܢ ܩܰܒܪܳܐ ܘܩܰܘܺܝ ܒܓܰܢܬܳܐ ܡܳܪܳܗ̇ ܕܰܥܕܶܢ","ܩܡ ܡܢ ܩܒܪܐ ܘܩܘܝ ܒܓܢܬܐ ܡܪܗ ܕܥܕܢ","3",,"111","true"
"1655","116","ܩܳܪܶܝܢܰܢ ܠܳܟ ܡܳܪܝܳܐ ܡܳܪܰܢ ܬܳܐ ܠܥܽܘܕܪܳܢܰܢ","ܩܪܝܢܢ ܠܟ ܡܪܝܐ ܡܪܢ ܬܐ ܠܥܘܕܪܢܢ","4",,,"true"
"125","116","ܒܝܽܘܡ ܚܰܕ ܒܫܰܒܳܐ ܢܶܦܩܰܬ ܡܰܪܝܰܡ ܗܳܝ̇ ܡܰܓܕܠܺܝܬܳܐ","ܒܝܘܡ ܚܕ ܒܫܒܐ ܢܦܩܬ ܡܪܝܡ ܗܝ ܡܓܕܠܝܬܐ","5",,,"true"
"135","116","ܒܪܰܡܫܳܐ ܕܥܳܪܶܒ ܢܽܘܗܪܶܗ ܕܫܶܡܫܳܐ ܡܶܢ ܦܶܢ̈ܝܳܬܳܐ","ܒܪܡܫܐ ܕܥܪܒ ܢܘܗܪܗ ܕܫܡܫܐ ܡܢ ܦܢܝܬܐ","6",,,"true"
"136","116","ܒܶܝܬ ܐܒܕܳܢܳܐ ܐܰܓܶܣ ܒܽܘܟܪܳܐ ܬܠܳܬܳܐ ܝܰܘ̈ܡܺܝܬ","ܒܝܬ ܐܒܕܢܐ ܐܓܣ ܒܘܟܪܐ ܬܠܬܐ ܝܘܡܝܬ","7",,"2","true"
"139","116","ܒܚܰܕ ܒܫܰܒܳܐ ܓܶܝܪ ܩܳܡ ܐܰܠܳܗܳܐ ܡܶܢ ܓܰܘ ܩܰܒܪܳܐ","ܒܚܕ ܒܫܒܐ ܓܝܪ ܩܡ ܐܠܗܐ ܡܢ ܓܘ ܩܒܪܐ","8",,"3","true"
"1872","116","ܐܰܫܘܳܢ ܡܳܪܰܢ ܕܰܢܨܽܘܡ ܟܽܠܰܢ ܩܰܕܺܝܫܳܐܺܝܬ","ܐܫܘܢ ܡܪܢ ܕܢܨܘܡ ܟܠܢ ܩܕܝܫܐܝܬ","10",,,"false"
"133","116","ܒܳܥܽܘܬܳܐ ܕܽܐܘܫܰܥܢܶܐ","ܒܥܘܬܐ ܕܐܘܫܥܢܐ","11",,,"true"
"1654","116","ܩܳܪܶܝܢܰܢ ܠܳܟ ܡܳܪܝܳܐ ܡܳܪܰܢ","ܩܪܝܢܢ ܠܟ ܡܪܝܐ ܡܪܢ","12",,,"false"
"1204","116","ܒܪܺܝܟ ܗ̄ܘ ܡܫܺܝܚܳܐ ܕܰܗܘܳܐ","ܒܪܝܟ ܗܘ ܡܫܝܚܐ ܕܗܘܐ","13",,,"false"
"1723","116","ܗܳܐ ܣܕܺܝܪܺܝܢ ܒܳܗ̇ ܒܽܐܘܪܚܶܗ ܕܥܳܠܡܳܐ (ܢܓܗ ܝܘܡ ܫܒܬܐ)","ܗܐ ܣܕܝܪܝܢ ܒܗ ܒܐܘܪܚܗ ܕܥܠܡܐ (ܢܓܗ ܝܘܡ ܫܒܬܐ)","14",,,"false"
"1724","116","ܫܰܘܬܶܦ ܠܰܢ ܡܳܪܝ̄ ܒܪܽܘܟܪܳܢ ܐܶܡܳܟ (ܢܓܗ ܝܘܡ ܥܪܘܒܬܐ)","ܫܘܬܦ ܠܢ ܡܪܝ ܒܪܘܟܪܢ ܐܡܟ (ܢܓܗ ܝܘܡ ܥܪܘܒܬܐ)","14",,,"false"
"131","116","ܙܥܰܩ ܗ̄ܘܳܐ ܒܩܳܠܶܗ ܗܰܘ̇ ܥܰܬܺܝܪܳܐ ܡܶܢ ܓܺܗܰܢܳܐ (ܕܥܰܬܺܝܪܳܐ)","ܙܥܩ ܗܘܐ ܒܩܠܗ ܗܘ ܥܬܝܪܐ ܡܢ ܓܗܢܐ (ܕܥܬܝܪܐ)","18",,"158","true"
"1725","116","ܐܳܘ ܚܰܛܳܝܳܐ ܐܰܥܺܝܪ ܢܰܦܫܳܟ ܠܰܬܝܳܒܽܘܬܳܐ (ܢܓܗ ܚܡܫܐ ܒܫܒܐ)","ܐܘ ܚܛܝܐ ܐܥܝܪ ܢܦܫܟ ܠܬܝܒܘܬܐ (ܢܓܗ ܚܡܫܐ ܒܫܒܐ)","18",,,"true"
"1726","116","ܒܰܪ ܐܰܠܳܗܳܐ ܠܕܺܝܢܳܐ ܐܳܬܶܐ (ܢܓܗ ܬܠܬܐ ܒܫܒܐ)","ܒܪ ܐܠܗܐ ܠܕܝܢܐ ܐܬܐ (ܢܓܗ ܬܠܬܐ ܒܫܒܐ)","19",,,"false"
"1727","116","ܐܳܘ ܒܰܪ̄ܬ ܕܰܘܺܝܕ ܦܰܪܶܗ̄ܣܺܝܰܐ (ܢܓܗ ܐܪܒܥܐ ܒܫܒܐ)","ܐܘ ܒܪܬ ܕܘܝܕ ܦܪܗܣܝܐ (ܢܓܗ ܐܪܒܥܐ ܒܫܒܐ)","20",,,"false"
"1756","129","ܒܪܺܝܟ ܕܚܰܕܺܝ ܠܰܫ̈ܡܰܝܳܢܶܐ","ܒܪܝܟ ܕܚܕܝ ܠܫܡܝܢܐ","5",,"179","false"
"144","153","ܟܰܕ ܒܳܢܶܐ ܗ̄ܘܳܐ ܡܽܘܫܶܐ ܡܰܫܟܰܢ ܙܰܒܢܳܐ","ܟܕ ܒܢܐ ܗܘܐ ܡܘܫܐ ܡܫܟܢ ܙܒܢܐ","1",,,"true"
"146","153","ܬܰܘ ܢܶܣܓܽܘܕ ܠܰܨܠܺܝܒܳܐ ܒܗܰܝܡܳܢܽܘܬܳܐ","ܬܘ ܢܣܓܘܕ ܠܨܠܝܒܐ ܒܗܝܡܢܘܬܐ","2",,,"true"
"148","153","ܒܨܰܘܡܳܐ ܕܰܐܪܒܥܺܝܢ ܝܰܘܡܺܝ̈ܢ ܐܰܚܶܬ ܡܽܘܫܶܐ","ܒܨܘܡܐ ܕܐܪܒܥܝܢ ܝܘܡܝܢ ܐܚܬ ܡܘܫܐ","3",,,"true"
"150","153","ܬܰܘ ܢܶܫܐܰܠ ܫܽܘܒܩܳܢܳܐ ܐܳܘ ܚܰܒܺܝ̈ܒܰܝ","ܬܘ ܢܫܐܠ ܫܘܒܩܢܐ ܐܘ ܚܒܝܒܝ","4",,,"true"
"151","153","ܟܳܗ̈ܢܶܐ ܘܰܡܫܰܡ̈ܫܳܢܶܐ ܕܫܰܡܫܽܘܟ ܡܳܪܰܢ","ܟܗܢܐ ܘܡܫܡܫܢܐ ܕܫܡܫܘܟ ܡܪܢ","5",,,"true"
"153","153","ܬܰܘ ܐܰܚܰܝ̈ ܢܶܬܩܰܪܰܒ ܨܶܝܕ ܡܰܫܪܺܝܬܳܐ","ܬܘ ܐܚܝ ܢܬܩܪܒ ܨܝܕ ܡܫܪܝܬܐ","6",,"6","true"
"155","153","ܬܰܘ ܐܰܚܰܝ̈ ܢܶܬܒܰܝܰܢ ܐܰܝܠܶܝܢ ܐܶܢܽܘܢ","ܬܘ ܐܚܝ ܢܬܒܝܢ ܐܝܠܝܢ ܐܢܘܢ","7",,,"true"
"157","153","ܐܰܝ̄ܟ ܓܰܢܳܢܳܐ ܒܓܰܢܬܳܐ ܚܙܳܬܶܗ ܡܰܪܝܰܡ","ܐܝܟ ܓܢܢܐ ܒܓܢܬܐ ܚܙܬܗ ܡܪܝܡ","8",,"116","true"
"896","161","ܒܬܽܘܠܬܳܐ ܩܰܕܺܝܫܬܳܐ ܝܳܠܕܰܬ ܐܰܠܳܗܳܐ","ܒܬܘܠܬܐ ܩܕܝܫܬܐ ܝܠܕܬ ܐܠܗܐ","1",,,"true"
"899","161","ܥܰܠ ܫܶܡܥܽܘܢ ܟܺܝܦܳܐ ܡܳܪܰܢ ܥܺܕ̄ܬܶܗ ܒܢܳܐ","ܥܠ ܫܡܥܘܢ ܟܝܦܐ ܡܪܢ ܥܕܬܗ ܒܢܐ","2",,"34","true"
"905","161","ܥܰܠ ܥܶܣܪܺܝܢ ܥܶܒܪܶܬ ܘܰܚܙܺܝܬ ܕܶܝܢ ܫܰܒܥܺܝܢ","ܥܠ ܥܣܪܝܢ ܥܒܪܬ ܘܚܙܝܬ ܕܝܢ ܫܒܥܝܢ","3",,"36","true"
"909","161","ܝܶܫܽܘܥ ܒܪܶܗ ܕܰܐܒܳܐ ܗܘܺܝ ܠܰܢ ܥܳܕܽܘܪܳܐ","ܝܫܘܥ ܒܪܗ ܕܐܒܐ ܗܘܝ ܠܢ ܥܕܘܪܐ","4",,"39","true"
"913","161","ܛܽܘܒܰܘܗ̄ܝ̄ ܠܡܰܢ ܕܰܫܘܳܐ ܕܢܶܚܙܶܐ ܠܶܐܣ‍ܛܰܠܺܝ̈ܗܽܘܢ","ܛܘܒܘܗܝ ܠܡܢ ܕܫܘܐ ܕܢܚܙܐ ܠܐܣ‍ܛܠܝܗܘܢ","5",,"37","true"
"917","161","ܝܳܬܒܺܝܢ ܒܢܰܝ̈ ܢܽܘܗܪܳܐ ܒܪܰܘܡܶܗ ܕܦܰܪܕܰܝܣܳܐ","ܝܬܒܝܢ ܒܢܝ ܢܘܗܪܐ ܒܪܘܡܗ ܕܦܪܕܝܣܐ","6",,"244","true"
"919","161","ܡܰܢܽܘ ܚܙܳܐ ܩܛܺܝ̈ܠܶܐ ܕܩܳܛܠܺܝܢ ܠܩܳܛܽܘ̈ܠܶܐ","ܡܢܘ ܚܙܐ ܩܛܝܠܐ ܕܩܛܠܝܢ ܠܩܛܘܠܐ","7",,"35","true"
"923","161","ܠܡܽܘܢ ܕܳܡܝܳܐ ܐܰܪܥܳܐ ܕܡܰܥܒܪܳܐ ܠܟܽܠ ܕܳܪ̈ܺܝܢ ܠܓܶܫܪܳܐ","ܠܡܘܢ ܕܡܝܐ ܐܪܥܐ ܕܡܥܒܪܐ ܠܟܠ ܕܪܝܢ ܠܓܫܪܐ","8",,,"true"
"1953","180","ܗܰܠܶܠܽܘܝܰܗ ܕܝܰܘܡܳܬܳܐ ܫܚܺܝ̈ܡܶܐ","ܗܠܠܘܝܗ ܕܝܘܡܬܐ ܫܚܝܡܐ","1",,,"false"
"1955","180","ܗܰܠܶܠܽܘܝܰܗ ܕܨܰܘܡܳܐ","ܗܠܠܘܝܗ ܕܨܘܡܐ","10",,,"false"
"1954","180","ܗܰܠܶܠܽܘܝܰܗ ܕܚܰܫܳܐ","ܗܠܠܘܝܗ ܕܚܫܐ","12",,,"false"
"1794","181","ܗܳܢܳܐ ܝܰܘܡܳܐ ܚܰܕܺܝ ܡܳܪܝ̄","ܗܢܐ ܝܘܡܐ ܚܕܝ ܡܪܝ","1",,,"false"
"569","183","ܒܬܽܘܠܬܳܐ ܩܪܳܬܰܢܝ̄","ܒܬܘܠܬܐ ܩܪܬܢܝ","1",,,"true"
"570","183","ܗܳܢܰܘ ܝܰܪܚܳܐ ܕܰܛܥܺܝܢ ܟܽܠܶܗ","ܗܢܘ ܝܪܚܐ ܕܛܥܝܢ ܟܠܗ","2",,,"true"
"571","183","ܒܗܳܢܳܐ ܝܰܪܚܳܐ","ܒܗܢܐ ܝܪܚܐ","3",,,"true"
"572","183","ܘܳܝ ܠܺܝ ܕܰܗܘܺܝܬ ܒܰܝܢܳܬ ܟܺܐ̈ܢܶܐ","ܘܝ ܠܝ ܕܗܘܝܬ ܒܝܢܬ ܟܐܢܐ","4",,,"true"
"573","183","ܒܝܽܘܡ ܚܰܕ ܒܫܰܒܳܐ ܩܳܡ ܐܰܠܳܗܳܐ","ܒܝܘܡ ܚܕ ܒܫܒܐ ܩܡ ܐܠܗܐ","5",,,"true"
"574","183","ܡܰܪܝܰܡ ܙܶܩܪܰܬ ܐܶܣ‍ܛܰܠ ܫܽܘܒܚܳܐ","ܡܪܝܡ ܙܩܪܬ ܐܣ‍ܛܠ ܫܘܒܚܐ","6",,,"true"
"576","183","ܒܪܺܝܟܽ ܗ̄ܘ ܚܰܝܠܳܐ ܕܚܰܝܶܠ  ܐܶܢܽܘܢ","ܒܪܝܟ ܗܘ ܚܝܠܐ ܕܚܝܠ  ܐܢܘܢ","7",,,"false"
"577","183","ܫܽܘܒܚܳܐ ܢܰܣܶܩ ܠܰܐܒܳܐ","ܫܘܒܚܐ ܢܣܩ ܠܐܒܐ","8",,,"true"
"228","187","ܥܶܛܪܳܐ ܕܒܶܣ̈ܡܶܐ ܕܩܰܪܶܒܢܰܢ","ܥܛܪܐ ܕܒܣܡܐ ܕܩܪܒܢܢ","1",,"7","true"
"230","187","ܐܶܙܰܠ̄ܬ ܡܰܪܝܰܡ ܘܚܰܒܪܳܬܳܗ̇","ܐܙܠܬ ܡܪܝܡ ܘܚܒܪܬܗ","2",,,"true"
"233","187","ܐܶܢܳܐ ܐܰܦܪܶܝܡ ܡܳܐܶܬ ܐ̄ܢܳܐ","ܐܢܐ ܐܦܪܝܡ ܡܐܬ ܐܢܐ","3",,,"true"
"234","187","ܒܰܐܪܒܥܳܐ ܒܫܰܒܳܐ ܐܶܬܬܰܩܰܢܘ̄ ܫܶܡܫܳܐ ܘܣܰܗܪܳܐ ܒܰܪܩܺܝܥܳܐ","ܒܐܪܒܥܐ ܒܫܒܐ ܐܬܬܩܢܘ ܫܡܫܐ ܘܣܗܪܐ ܒܪܩܝܥܐ","4",,,"true"
"235","187","ܙܰܕܺܝ̈ܩܶܐ ܕܰܪܚܶܡܘ̄ ܩܽܘܫܬܳܐ","ܙܕܝܩܐ ܕܪܚܡܘ ܩܘܫܬܐ","5",,,"true"
"237","187","ܒܟܽܠ ܡܶܕܶܡ ܐܶܬܒܰܩܺܝܬ","ܒܟܠ ܡܕܡ ܐܬܒܩܝܬ","6",,,"true"
"241","187","ܚܙܳܬܶܗ ܠܨܶܗܝܽܘܢ ܕܰܦܨܺܝܚܳܐ","ܚܙܬܗ ܠܨܗܝܘܢ ܕܦܨܝܚܐ","7",,,"true"
"244","187","ܐܳܠܶܦ ܐܰܠܦܺܝ̈ܢ ܘܰܡܐܳܐ ܐܰܠܦܶܝ̈ܐ","ܐܠܦ ܐܠܦܝܢ ܘܡܐܐ ܐܠܦܝܐ","8",,,"true"
"1919","187","ܒܟܽܠ ܡܶܕܶܡ ܐܶܬܒܰܩܺܝܬ","ܒܟܠ ܡܕܡ ܐܬܒܩܝܬ","10",,,"false"
"306","198","ܒܥܶܕܳܢܳܐ ܕܨܰܦܪܳܐ ܐܰܚܰܝ̈","ܒܥܕܢܐ ܕܨܦܪܐ ܐܚܝ","1",,,"true"
"308","198","ܒܚܰܕ ܒܫܰܒܳܐ ܐܶܬܥܰܠܺܝ","ܒܚܕ ܒܫܒܐ ܐܬܥܠܝ","2",,,"true"
"310","198","ܒܥܰܘ ܡܶܢܳܟ ܢܺܝܢ̈ܘܳܝܶܐ","ܒܥܘ ܡܢܟ ܢܝܢܘܝܐ","3",,"271","true"
"312","198","ܕܟܺܝܪܺܝܢ ܢ̈ܒܺܝܶܐ ܘܰܫ̈ܠܺܝܚܶܐ","ܕܟܝܪܝܢ ܢܒܝܐ ܘܫܠܝܚܐ","4",,,"true"
"314","198","ܒܥܶܛܪܳܐ ܕܒܶܣ̈ܡܶܐ ܕܩܰܪܶܒ ܗ̄ܘܳܐ","ܒܥܛܪܐ ܕܒܣܡܐ ܕܩܪܒ ܗܘܐ","5",,,"true"
"316","198","ܛܰܝܒܽܘܬܳܐ ܓܒܰܠܬܶܗ ܠܳܐܕܳܡ","ܛܝܒܘܬܐ ܓܒܠܬܗ ܠܐܕܡ","6",,,"true"
"318","198","ܥܺܕ̄ܬܳܟ ܐ̄ܢܳܐ ܡܳܪܰܢ","ܥܕܬܟ ܐܢܐ ܡܪܢ","7",,"271","true"
"321","198","ܒܨܶܒܝܳܢܳܟ ܡܳܪܝ̄ ܬܰܩܶܢܬܰܢܝ̄","ܒܨܒܝܢܟ ܡܪܝ ܬܩܢܬܢܝ","8",,,"true"
"44","208","ܒܪܺܝܫܶܗ ܕܰܨܠܺܝܒܳܐ","ܒܪܝܫܗ ܕܨܠܝܒܐ","1",,,"true"
"45","208","ܠܳܐ ܡܳܪܝ̄ ܢܶܒܛܰܠ ܫܽܘܒܚܳܟ","ܠܐ ܡܪܝ ܢܒܛܠ ܫܘܒܚܟ","2",,,"true"
"46","208","ܢܺܝܫܳܐ ܕܙܳܟܽܘܬܳܐ","ܢܝܫܐ ܕܙܟܘܬܐ","3",,,"true"
"47","208","ܥܰܠ ܥܶܛܪܳܐ ܕܒܶܣ̈ܡܶܐ","ܥܠ ܥܛܪܐ ܕܒܣܡܐ","4",,,"true"
"48","208","ܢܒܺܝܳܐ ܕܳܢܺܝܐܶܝܠ  ܐܶܬܢܰܒܺܝ ܒܰܐܪܥܳܐ ܕܒܳܒܶܝܠ","ܢܒܝܐ ܕܢܝܐܝܠ  ܐܬܢܒܝ ܒܐܪܥܐ ܕܒܒܝܠ","5",,,"true"
"49","208","ܫܽܘܒܚܳܐ ܘܬܰܘܕܺܝܬܳܐ","ܫܘܒܚܐ ܘܬܘܕܝܬܐ","6",,,"true"
"50","208","ܛܽܘܒܳܐ ܠܝܰܠܽܘ̈ܕܶܐ","ܛܘܒܐ ܠܝܠܘܕܐ","7",,,"true"
"51","208","ܫܽܘܒܚܳܐ ܠܗܰܘ ܩܳܠܳܐ","ܫܘܒܚܐ ܠܗܘ ܩܠܐ","8",,,"true"
"52","208","ܝܰܘܡܳܢ ܐܶܡܰܪ ܗ̄ܘܳܐ","ܝܘܡܢ ܐܡܪ ܗܘܐ","11",,,"true"
"1947","208","ܒܪܺܝܫܶܗ ܕܰܨܠܺܝܒܳܐ","ܒܪܝܫܗ ܕܨܠܝܒܐ","13",,,"false"
"31","214","ܛܽܘܒܰܝܟܝ̄ ܥܺܕ̄ܬܳܐ","ܛܘܒܝܟܝ ܥܕܬܐ","1",,"4","true"
"32","214","ܩܪܶܒ ܠܶܗ ܓܰܪܒܳܐ","ܩܪܒ ܠܗ ܓܪܒܐ","2",,,"true"
"33","214","ܒܗܰܝܟܰܠ ܩܽܘܕܫܳܐ ܛܰܥܢܶܗ ܫܶܡܥܽܘܢ ܠܰܡܫܺܝܚܳܐ","ܒܗܝܟܠ ܩܘܕܫܐ ܛܥܢܗ ܫܡܥܘܢ ܠܡܫܝܚܐ","3",,,"true"
"34","214","ܕܽܘܨܝ̄ ܛܳܒ ܘܰܚܕܳܝ ܙܟܰܪܝܳܐ ܠܨܶܗܝܽܘܢ ܐܶܡܰܪ ܗ̄ܘܳܐ","ܕܘܨܝ ܛܒ ܘܚܕܝ ܙܟܪܝܐ ܠܨܗܝܘܢ ܐܡܪ ܗܘܐ","4",,,"true"
"35","214","ܒܗܳܢܳܐ ܝܰܘܡܳܐ ܣܠܶܩ ܦܳܪܽܘܩܰܢ ܠܰܫܡܰܝܳܐ","ܒܗܢܐ ܝܘܡܐ ܣܠܩ ܦܪܘܩܢ ܠܫܡܝܐ","5",,,"true"
"36","214","ܡܳܪܝ̄ ܩܽܘܪܝܰܩܳܘܣ ܐܰܬܠܺܝܛܳܐ ܕܗܰܝܡܳܢܽܘܬܳܐ","ܡܪܝ ܩܘܪܝܩܘܣ ܐܬܠܝܛܐ ܕܗܝܡܢܘܬܐ","6",,,"true"
"40","214","ܡܶܢ ܕܶܐܣܬܰܠܰܩ ܒܰܪ ܐܰܠܳܗܳܐ ܒܬܶܫܒܽܘܚܬܳܐ","ܡܢ ܕܐܣܬܠܩ ܒܪ ܐܠܗܐ ܒܬܫܒܘܚܬܐ","7",,,"true"
"41","214","ܗܳܢܰܘ ܬܶܗܪܳܐ ܕܟܰܕ ܐܰܠܳܗܰܐ ܗ̄ܘܼ ܒܰܟܝܳܢܶܗ","ܗܢܘ ܬܗܪܐ ܕܟܕ ܐܠܗܐ ܗܘܼ ܒܟܝܢܗ","8",,,"true"
"43","214","ܛܽܘܒܰܝܟܝ̄ ܛܽܘܒܰܝܟܝ̄ ܥܺܕܰܬ ܩܽܘܕܫܳܐ ܡܗܰܝܡܰܢܬܳܐ","ܛܘܒܝܟܝ ܛܘܒܝܟܝ ܥܕܬ ܩܘܕܫܐ ܡܗܝܡܢܬܐ","12",,,"true"
"2097","214","ܦܰܘܠܳܣ ܫܠܺܝܚܳܐ (ܕܩܽܘܪܳܒܳܐ)","ܦܘܠܣ ܫܠܝܚܐ (ܕܩܘܪܒܐ)","14",,,"false"
"1676","218","ܛܠܳܝ̈ܶܐ ܗܳܢܽܘܢ","ܛܠܝܐ ܗܢܘܢ",,,,"false"
"1793","229","ܠܟܽܘܢ ܛܽܘܒܰܝܟܽܘܢ","ܠܟܘܢ ܛܘܒܝܟܘܢ","7",,,"false"
"1740","252","(ܩܰܬܺܝܣܡܰܐ) ܟܰܕ ܫܠܶܝܡܽܘܢ ܒܦܶܠ̈ܠܳܐܬܳܐ","(ܩܬܝܣܡܐ) ܟܕ ܫܠܝܡܘܢ ܒܦܠܠܐܬܐ",,,,"false"
"1758","253","ܟܺܝܦܳܐ ܕܠܳܐ ܓܙܺܝܪ ܒܺܐܝ̈ܕܰܝܳܐ","ܟܝܦܐ ܕܠܐ ܓܙܝܪ ܒܐܝܕܝܐ",,,,"false"
"386","261","ܠܳܐ ܠܕܺܝܢܳܐ ܘܠܳܐ ܠܰܬܒܰܥܬܳܐ","ܠܐ ܠܕܝܢܐ ܘܠܐ ܠܬܒܥܬܐ","1",,"14","true"
"387","261","ܥܺܕܰܬ ܩܽܘܕܫܳܐ ܡܦܺܝܣܳܐ ܠܳܟ","ܥܕܬ ܩܘܕܫܐ ܡܦܝܣܐ ܠܟ","2",,,"true"
"388","261","ܫܶܡܥܽܘܢ ܪܺܝܫܳܐ ܕܰܫ̈ܠܺܝܚܶܐ ܘܦܰܘܠܳܘܣ ܓܰܒܝܳܐ","ܫܡܥܘܢ ܪܝܫܐ ܕܫܠܝܚܐ ܘܦܘܠܘܣ ܓܒܝܐ","3",,"15","true"
"390","261","ܐܺܝ̈ܕܶܐ ܕܰܦܪ̈ܣܝ̄ ܚܽܘܦܢܰܝ̈ܗܶܝܢ ܘܰܢܣܰܒ̈ܝ̄ ܡܶܢܳܟ","ܐܝܕܐ ܕܦܪܣܝ ܚܘܦܢܝܗܝܢ ܘܢܣܒܝ ܡܢܟ","4",,"16","true"
"391","261","ܩܳܠ ܬܶܢ̈ܚܳܬܳܐ ܕܥܰܢܺܝ̈ܕܶܐ ܫܡܰܥ ܗ̄ܘܳܐ ܡܳܪܰܢ","ܩܠ ܬܢܚܬܐ ܕܥܢܝܕܐ ܫܡܥ ܗܘܐ ܡܪܢ","5",,,"true"
"392","261","ܪܰܒܽ ܗ̄ܘ ܝܰܘܡܶܗ ܕܚܰܕ ܒܫܰܒܳܐ ܛܽܘܒܰܘܗ̄ܝ̄ ܠܰܐܝܢܳܐ","ܪܒ ܗܘ ܝܘܡܗ ܕܚܕ ܒܫܒܐ ܛܘܒܘܗܝ ܠܐܝܢܐ","6",,,"true"
"393","261","ܒܬܽܘܠܬܳܐ ܣܶܦܩܰܬ ܘܰܛܥܶܢܬܶܗ ܠܚܰܝܠܳܐ ܟܰܣܝܳܐ","ܒܬܘܠܬܐ ܣܦܩܬ ܘܛܥܢܬܗ ܠܚܝܠܐ ܟܣܝܐ","7",,,"true"
"394","261","ܢܰܛܰܪܰܝܢ ܐܰܒܳܐ ܓܢܺܝܙܳܐ ܘܣܰܬܰܪܰܝܢ ܒܪܳܐ","ܢܛܪܝܢ ܐܒܐ ܓܢܝܙܐ ܘܣܬܪܝܢ ܒܪܐ","8",,,"true"
"1688","319","ܡܰܙܡܽܘܪܳܐ","ܡܙܡܘܪܐ","1",,,"true"
"1689","319","ܡܰܙܡܽܘܪܳܐ","ܡܙܡܘܪܐ","2",,,"true"
"1690","319","ܡܰܙܡܽܘܪܳܐ","ܡܙܡܘܪܐ","3",,,"true"
"2057","319","ܬܠܺܝܬܳܝܳܐ ܐܚܪܺܝܢܳܐ",,"3",,,"true"
"1691","319","ܡܰܙܡܽܘܪܳܐ","ܡܙܡܘܪܐ","4",,,"true"
"1692","319","ܡܰܙܡܽܘܪܳܐ","ܡܙܡܘܪܐ","5",,,"true"
"1693","319","ܡܰܙܡܽܘܪܳܐ","ܡܙܡܘܪܐ","6",,,"true"
"1694","319","ܡܰܙܡܽܘܪܳܐ","ܡܙܡܘܪܐ","7",,,"true"
"1695","319","ܡܰܙܡܽܘܪܳܐ","ܡܙܡܘܪܐ","8",,,"true"
"2058","319","ܬܡܺܝܢܳܝܳܐ ܐ̄ܚܪܺܝܢܳܐ",,"8",,,"true"
"1931","319","ܦܫܺܝܛܳܐ ܕܨܰܘܡܳܐ","ܦܫܝܛܐ ܕܨܘܡܐ","10",,,"false"
"1934","319","ܡܰܙܡܽܘܪܳܐ ܕܚܰܫܳܐ","ܡܙܡܘܪܐ ܕܚܫܐ","12",,,"false"
"660","338","ܐܶܬܩܰܛܰܠܘ̄ ܗ̄ܘܰܘ ܝܰܠܽܘ̈ܕܶܐ (ܡܰܢܽܘ ܟܰܝ ܟܰܕ ܡܳܝܽܘܬܰܐ ܗ̄ܘ)","ܐܬܩܛܠܘ ܗܘܘ ܝܠܘܕܐ (ܡܢܘ ܟܝ ܟܕ ܡܝܘܬܐ ܗܘ)","0",,,"true"
"159","361","ܬܰܘ ܢܥܰܕܥܶܕ ܕܽܘܟܪ̈ܳܢܰܝܗܽܘܢ","ܬܘ ܢܥܕܥܕ ܕܘܟܪܢܝܗܘܢ","1",,,"true"
"160","361","ܒܚܰܕ ܒܫܰܒܳܐ ܩܰܕܡܰܬ ܡܰܪܝܰܡ","ܒܚܕ ܒܫܒܐ ܩܕܡܬ ܡܪܝܡ","2",,,"true"
"162","361","ܒ̈ܡܰܬܠܶܐ ܡܰܠܶܠܠ ܦܳܪܽܘܩܰܢ","ܒܡܬܠܐ ܡܠܠܠ ܦܪܘܩܢ","3",,,"true"
"163","361","ܥܰܠ ܛܽܘܪ̈ܶܐ ܪ̈ܳܡܶܐ ܣܰܩܝ̄ ܠܶܟܝ̄ ܥܺܕ̄ܬܳܐ","ܥܠ ܛܘܪܐ ܪܡܐ ܣܩܝ ܠܟܝ ܥܕܬܐ","4",,,"true"
"164","361","ܛܽܘܒܰܝܟܝ̄ ܐܶܡܳܐ ܕܢܰܟܦܽܘܬܳܐ","ܛܘܒܝܟܝ ܐܡܐ ܕܢܟܦܘܬܐ","5",,,"true"
"166","361","ܡܫܺܝܚܳܐ ܢܰܛܰܪܶܗ ܠܥܺܕ̄ܬܳܟ","ܡܫܝܚܐ ܢܛܪܗ ܠܥܕܬܟ","6",,,"true"
"167","361","ܒܚܰܕ ܒܫܰܒܳܐ ܕܦܶܢܛܺܩܽܘܣ‍ܛܺܝ","ܒܚܕ ܒܫܒܐ ܕܦܢܛܩܘܣ‍ܛܝ","7",,,"true"
"169","361","ܐܰܝ̄ܟ ܥܶܛܪܳܐ ܕܒܶܣ̈ܡܶܐ ܛܳܒ̈ܶܐ","ܐܝܟ ܥܛܪܐ ܕܒܣܡܐ ܛܒܐ","8",,,"true"
"269","389","ܦܬܰܚ ܠܺܝ ܬܰܪܥܶܗ ܕܰܚܢܳܢܳܟ","ܦܬܚ ܠܝ ܬܪܥܗ ܕܚܢܢܟ","1",,,"true"
"270","389","ܒܕܽܘܟܪܳܢܳܗ̇ ܕܰܡܒܰܪܰܟܬܳܐ","ܒܕܘܟܪܢܗ ܕܡܒܪܟܬܐ","2",,,"true"
"271","389","ܐܰܠܳܗܰܢ ܣܰܓܺܝ ܪ̈ܰܚܡܶܐ","ܐܠܗܢ ܣܓܝ ܪܚܡܐ","3",,,"true"
"272","389","ܐܰܠܳܗܳܐ ܢܽܘܗܪܳܐ ܐܺܝܬܰܘܗ̄ܝ̄","ܐܠܗܐ ܢܘܗܪܐ ܐܝܬܘܗܝ","4",,,"true"
"273","389","ܩܪܳܝܗ̄ܝ ܡܳܪܰܢ ܠܳܐܕܳܡ","ܩܪܝܗܝ ܡܪܢ ܠܐܕܡ","5",,"9","true"
"274","389","ܐܰܟܘܳܬܰܢ ܐܺܝܬܰܘܗ̄ܝ̄ ܙܰܒܢܰܢ","ܐܟܘܬܢ ܐܝܬܘܗܝ ܙܒܢܢ","6",,,"true"
"276","389","ܙܟܰܪܝܳܐ ܟܳܗܢܳܐ ܒܒܶܝܬ ܩܽܘܕܫܳܐ","ܙܟܪܝܐ ܟܗܢܐ ܒܒܝܬ ܩܘܕܫܐ","7",,,"true"
"277","389","ܥܺܝܪܳܐ ܐܰܕܺܝܩ ܡܶܢ ܪܰܘܡܳܐ","ܥܝܪܐ ܐܕܝܩ ܡܢ ܪܘܡܐ","8",,,"true"
"279","389","ܫܽܘܒܚܳܐ ܠܶܗ ܠܰܒܪܳܐ ܒܽܘܟܪܳܐ","ܫܘܒܚܐ ܠܗ ܠܒܪܐ ܒܘܟܪܐ","12",,"10","true"
"1710","409","ܥܰܡ ܗܳܢܽܘܢ ܕܰܠܥܶܠ (موصل)","ܥܡ ܗܢܘܢ ܕܠܥܠ (موصل)","0",,,"false"
"1964","409","ܥܰܡ ܗܳܢܽܘܢ ܕܰܠܥܶܠ (ياسر)","ܥܡ ܗܢܘܢ ܕܠܥܠ (ياسر)","0",,,"true"
"1784","410","ܥܰܡ ܟܶܢ̈ܫܶܐ ܫܡܰܝܳܢ̈ܶܐ","ܥܡ ܟܢܫܐ ܫܡܝܢܐ","1",,,"true"
"1629","431","ܒܨܰܦܪܳܐ ܒܝܽܘܡ ܚܰܕ ܒܫܰܒܳܐ","ܒܨܦܪܐ ܒܝܘܡ ܚܕ ܒܫܒܐ","1",,,"true"
"1630","431","ܫܽܘܒܚܳܐ ܠܶܗ ܠܒܰܪ ܐܰܠܳܗܳܐ","ܫܘܒܚܐ ܠܗ ܠܒܪ ܐܠܗܐ","2",,,"true"
"1631","431","ܠܝܰܡܳܐ ܕܶܐܬܦܠܶܓ ܒܝܰܕ","ܠܝܡܐ ܕܐܬܦܠܓ ܒܝܕ","3",,,"true"
"1632","431","ܐܳܘ ܣܳܗ̈ܕܶܐ ܪ̈ܚܽܘܡܰܘܗ̄ܝ̄","ܐܘ ܣܗܕܐ ܪܚܘܡܘܗܝ","4",,,"true"
"1633","431","ܡܳܪܝܳܐ ܠܳܐ ܒܪܽܘܓܙܳܟ","ܡܪܝܐ ܠܐ ܒܪܘܓܙܟ","5",,,"true"
"1634","431","ܬܚܶܬ ܟܶܢ̈ܦܳܬܶܗ","ܬܚܬ ܟܢܦܬܗ","6",,,"true"
"1635","431","ܚܰܝܠܬܳܢܝ̄ ܘܰܛܥܶܢܬܳܟ","ܚܝܠܬܢܝ ܘܛܥܢܬܟ","7",,,"true"
"1636","431","ܒܩܶܛܠܶܗ ܕܶܐܣ‍ܛܶܦܰܢܳܘܣ","ܒܩܛܠܗ ܕܐܣ‍ܛܦܢܘܣ","8",,,"true"
"2023","431","ܒܪܺܝܟ ܡܽܘܟܳܟܳܟ ܕܰܚܠܳܦܰܝܢ",,"12",,,"false"
"2100","432","ܕܬܶܫܒܽܘܚܬܳܐ ܕܡܰܠܰܐܟ̈ܶܐ","ܕܬܫܒܘܚܬܐ ܕܡܠܐܟܐ","0",,,"false"
"1621","432","ܗܰܘ ܕܡܰܠܰܐܟ̈ܶܐ ܡܫܰܡܫܺܝܢ ܠܶܗ","ܗܘ ܕܡܠܐܟܐ ܡܫܡܫܝܢ ܠܗ","1",,,"true"
"1622","432","ܫ̈ܡܳܗܶܐ ܪ̈ܓܺܝܓܶܐ ܘܫܰܦܺܝܪ̈ܶܐ","ܫܡܗܐ ܪܓܝܓܐ ܘܫܦܝܪܐ","2",,,"true"
"1623","432","ܩܰܠܺܝܠ ܗ̄ܘܰܘ ܙܥܽܘܪ ܙܰܒܢܳܐ","ܩܠܝܠ ܗܘܘ ܙܥܘܪ ܙܒܢܐ","3",,,"true"
"1624","432","ܗܘܰܘ ܣܳܗ̈ܕܶܐ ܐܰܝ̄ܟ ܗܶܢܝܳܘ̈ܟܶܐ","ܗܘܘ ܣܗܕܐ ܐܝܟ ܗܢܝܘܟܐ","4",,,"true"
"1625","432","ܒܡܰܬ̈ܠܶܐ ܡܰܠܶܠ","ܒܡܬܠܐ ܡܠܠ","5",,,"true"
"1626","432","ܪܓܺܝܓ ܗ̄ܘܳܐ ܩܳܠܳܗ̇","ܪܓܝܓ ܗܘܐ ܩܠܗ","6",,,"true"
"1627","432","ܩܰܕܺܝܫ ܐܰܢ̄ܬ ܐܰܠܳܗܳܐ","ܩܕܝܫ ܐܢܬ ܐܠܗܐ","7",,,"true"
"1628","432","ܩܰܕܺܝܫ ܐܰܢ̄ܬ ܐܰܠܳܗܳܐ","ܩܕܝܫ ܐܢܬ ܐܠܗܐ","8",,,"true"
"1957","432","ܬܡܺܝܢܳܝܳܐ ܕܩܰܕܺܝ̈ܫܶܐ","ܬܡܝܢܝܐ ܕܩܕܝܫܐ","9",,,"false"
"1920","432","ܒܪܺܝܟ ܡܽܘܟܳܟܳܟ ܕܰܚܠܳܦܰܝܢ","ܒܪܝܟ ܡܘܟܟܟ ܕܚܠܦܝܢ","12",,,"false"
"2059","438","ܫܠܳܡܳܐ ܫܠܳܡܳܐ ܠܪ̈ܰܚܺܝܩܶܐ ܘܰܠܩܰܪ̈ܺܝܒܶܐ (ܕܩܝܡܬܐ) (ܡܘܨܠ1)",,"0",,,"false"
"58","438","ܩܳܡ ܓܰܢ̄ܒܳܪܳܐ ܡܶܢ ܩܰܒܪܳܐ","ܩܡ ܓܢܒܪܐ ܡܢ ܩܒܪܐ","1",,,"true"
"60","438","ܡܶܢ ܡܳܪܰܢ ܩܰܒܠܰܬ ܥܺܕ̄ܬܳܐ ܨܰܘܡܳܐ ܕܰܟܝܳܐ","ܡܢ ܡܪܢ ܩܒܠܬ ܥܕܬܐ ܨܘܡܐ ܕܟܝܐ","2",,,"true"
"62","438","ܪܰܒ ܗ̄ܘ ܝܰܘܡܶܗ ܕܚܰܕ ܒܫܰܒܳܐ ܡܶܢ ܟܽܠ ܝܰܘ̈ܡܺܝܢ","ܪܒ ܗܘ ܝܘܡܗ ܕܚܕ ܒܫܒܐ ܡܢ ܟܠ ܝܘܡܝܢ","3",,,"true"
"64","438","ܪܰܒ ܗ̄ܘ ܝܰܘܡܶܗ ܕܚܰܕ ܒܫܰܒܳܐ ܡܶܢ ܟܽܠ ܝܰܘ̈ܡܺܝܢ","ܪܒ ܗܘ ܝܘܡܗ ܕܚܕ ܒܫܒܐ ܡܢ ܟܠ ܝܘܡܝܢ","4",,"5","true"
"66","438","ܡܶܢ ܪܽܗ̄ܘܡܺܝ ܡܕܺܝܢܰܬ ܡܰܠ̈ܟܶܐ ܥܕܰܡܳܐ ܠܽܐܘܪܺܫܠܶܡ","ܡܢ ܪܗܘܡܝ ܡܕܝܢܬ ܡܠܟܐ ܥܕܡܐ ܠܐܘܪܫܠܡ","5",,,"true"
"68","438","ܠܶܣ̈ܛܳܝܶܐ ܢܦܰܠܘ̄ ܥܰܠ ܓܰܒܪܳܐ ܟܰܕ ܢܳܚܶܬ ܗ̄ܘܳܐ","ܠܣܛܝܐ ܢܦܠܘ ܥܠ ܓܒܪܐ ܟܕ ܢܚܬ ܗܘܐ","6",,,"true"
"69","438","ܐܳܡܪܺܝܢ ܝܽܘ̈ܕܳܝܶܐ ܠܣܰܡܝܳܐ ܕܠܰܘ ܝܶܫܽܘܥ ܐܰܣܝܳܟ (ܚܪܺܝܢܳܐ)","ܐܡܪܝܢ ܝܘܕܝܐ ܠܣܡܝܐ ܕܠܘ ܝܫܘܥ ܐܣܝܟ (ܚܪܝܢܐ)","6",,,"true"
"70","438","ܐܶܢ ܡܰܪܓܙܺܝܢ ܠܳܟ ܚܰܛܳܝ̈ܶܐ ܒܰܥܒܳܕܰܝܗܽܘ̈ܢ","ܐܢ ܡܪܓܙܝܢ ܠܟ ܚܛܝܐ ܒܥܒܕܝܗܘܢ","7",,,"true"
"72","438","ܩܽܘܪ̈ܒܳܢܶܐ ܩܰܪܶܒܽܘܢ ܠܺܝ ܐܳܡܪܳܐ ܢܰܦܫܳܐ","ܩܘܪܒܢܐ ܩܪܒܘܢ ܠܝ ܐܡܪܐ ܢܦܫܐ","8",,,"false"
"73","438","ܐܺܝܪܳܘܕܺܝܣ ܬܰܥܠܳܐ ܫܺܝܛܳܐ ܨܒܳܐ ܗ̄ܘܳܐ ܕܢܰܘܒܶܕ","ܐܝܪܘܕܝܣ ܬܥܠܐ ܫܝܛܐ ܨܒܐ ܗܘܐ ܕܢܘܒܕ","8",,,"true"
"74","438","ܡܶܢ ܡܳܪܰܢ ܩܰܒܠܰܬ ܥܺܕ̄ܬܳܐ ܨܰܘܡܳܐ ܕܰܟܝܳܐ","ܡܢ ܡܪܢ ܩܒܠܬ ܥܕܬܐ ܨܘܡܐ ܕܟܝܐ","10",,"46","true"
"75","438","ܐܳܘ ܕܰܠܡܶܬܺܝܬܶܗ ܕܚܰܬܢܳܐ ܡܫܺܝܚܳܐ ܡܣܰܟܶܢ","ܐܘ ܕܠܡܬܝܬܗ ܕܚܬܢܐ ܡܫܝܚܐ ܡܣܟܢ","12",,"47","true"
"76","438","ܥܰܡܰܢܽܘܐܶܝܠ ܐܰܠܳܗܳܐ ܥܰܠ ܩܰܝܣܳܐ ܐܶܬܠܺܝ","ܥܡܢܘܐܝܠ ܐܠܗܐ ܥܠ ܩܝܣܐ ܐܬܠܝ","13",,"48","true"
"1942","438","ܛܽܘܒܰܝܗܽܘܢ ܠܥܰܒ̈ܕܶܐ ܛܳܒ̈ܶܐ","ܛܘܒܝܗܘܢ ܠܥܒܕܐ ܛܒܐ","24",,,"false"
"1741","470","ܫܡܰܝܳܐ ܡܕܺܝܢ̄ܬܳܐ ܕܩܰܕܺܝ̈ܫܶܐ","ܫܡܝܐ ܡܕܝܢܬܐ ܕܩܕܝܫܐ","8",,,"false"
"1787","488","ܬܶܫܡܶܫܬܳܐ ܪܰܡܫܳܝܬܳܐ","ܬܫܡܫܬܐ ܪܡܫܝܬܐ","4",,,"false"
"1989","515","ܣܠܶܩܬ ܠܰܨܠܺܝܒܳܐ ܡܫܺܝܚܳܐ ܐܰܠܳܗܳܐ ܕܺܝܠܰܢ (ܕ)","ܣܠܩܬ ܠܨܠܝܒܐ ܡܫܝܚܐ ܐܠܗܐ ܕܝܠܢ (ܕ)","4",,,"false"
