"GroupN","QoloN","Sort","QoloSerch","Qolo","Poetic"
"4","30","34","ܐܝܟܐ ܕܗܝ ܡܠܬܐ","ܐܰܝܟܳܐ ܕܗܺܝ ܡܶܠܬܳܐ (ܐ)","(5-7)*5"
"3","38","44","ܐܠܗܐ ܒܪܚܡܘܗܝ (ܩܘܡ ܦܘܠܘܣ)","ܐܰܠܳܗܳܐ ܒܪ̈ܰܚܡܰܘܗ̄ܝ̄ (ܩܽܘܡ ܦܰܘܠܳܘܣ)","(8-8)*2 / (5)*4 / (8-8)"
"8","43","49","ܐܡܐ ܕܟܝܬܐ","ܐܶܡܳܐ ܕܟܺܝܬܳܐ (ܕ)","4-5 / 4-5 / 7"
"8","100","117","ܒܗܘ ܢܘܗܪܐ ܓܐܝܐ","ܒܗܰܘ̇ ܢܽܘܗܪܳܐ ܓܰܐܝܳܐ (ܙ)",
"8","107","129","ܒܢܝ ܢܘܗܪܐ","ܒܢܰܝ̈ ܢܽܘܗܪܳܐ","(3-7) / (4-5-7)"
"1","114","1","ܒܥܘܬܐ ܕܡܪܝ ܐܦܪܝܡ","ܒܳܥܽܘܬܳܐ ܕܡܳܪܝ̄ ܐܰܦܪܶܝܡ","(7-7) / (7-7)"
"1","116","3","ܒܥܘܬܐ ܕܡܪܝ ܝܥܩܘܒ","ܒܳܥܽܘܬܳܐ ܕܡܳܪܝ̄ ܝܰܥܩܽܘܒ","(4-4-4) / (4-4-4)"
"8","129","152","ܒܪܝܟ ܕܚܕܝ ܠܫܡܝܢܐ","ܒܪܺܝܟ ܕܚܰܕܺܝ ܠܰܫ̈ܡܰܝܳܢܶܐ (ܗ ، ܘ)","7-5 / 7-5"
"12","153","178","ܕܝܢܐ ܕܕܝܢܐ (ܠܟ ܡܪܝܐ ܩܪܝܢܢ)","ܕܰܝܳܢܳܐ ܕܕܰܝ̈ܳܢܶܐ (ܠܳܟ ܡܳܪܝܳܐ ܩܳܪܶܝܢܰܢ)","(6-4-7-5)*2 / (3-5)*2 / (7-5)"
"3","161","187","ܕܦܪܕܝܣܐ","ܕܦܰܪܕܰܝܣܳܐ","(5-5)*3 / 7 / (5-5)*2"
"0","180","208","ܗܠܠܘܝܗ","ܗܰܠܶܠܽܘܝܰܗ",
"3","181","209","ܗܢܐ ܝܘܡܐ ܚܕܝ ܡܪܝ","ܗܳܢܳܐ ܝܰܘܡܳܐ ܚܰܕܺܝ ܡܳܪܝ̄","(7-7)*2"
"3","183","211","ܗܢܘ ܝܪܚܐ","ܗܳܢܰܘ ܝܰܪܚܳܐ","(4-4-4) / (4-4)*2 / (4-4-4)"
"12","187","216","ܙܕܝܩܐ ܕܪܚܡܘ ܩܘܫܬܐ (ܒܟܠ ܡܕܡ ܐܬܒܩܝܬ)","ܙܰܕܺܝ̈ܩܶܐ ܕܰܪܚܶܡܘ̄ ܩܽܘܫܬܳܐ (ܒܟܽܠ ܡܶܕܶܡ ܐܶܬܒܰܩܺܝܬ)","(7-7-5-5) / (7-5)*2 (7)*2 / (7-7-5-5)"
"12","198","227","ܚܘܣ ܡܪܝܐ (ܣܗܕܐ ܐܦܝܣܘܢܝܗܝ) (ܡܢ ܐܒܐ ܡܪܐ ܕܢܚ ܠܢ)","ܚܽܘܣ ܡܳܪܝܳܐ (ܣܳܗ̈ܕܶܐ ܐܰܦܺܝܣܽܘܢܳܝܗ̄ܝ̄) (ܡܶܢ ܐܰܒܳܐ ܡܳܪܳܐ ܕܢܰܚ ܠܰܢ)","(7-7 / 7-5)*2"
"12","208","240","ܛܘܒܐ ܠܝܠܘܕܐ (ܣܗܕܐ ܗܘܘ ܦܝܪܡܐ)","ܛܽܘܒܳܐ ܠܝܰܠܽܘ̈ܕܶܐ (ܣܳܗ̈ܕܶܐ ܗܘܰܘ ܦܺܝܪ̈ܡܶܐ)","(5-7-7)*3"
"12","214","515","ܪܥܡ ܩܠܗ (ܛܘܒܝܟܝ ܥܕܬܐ)","ܪܳܥܶܡ ܩܳܠܶܗ (ܛܽܘܒܰܝܟܝ̄ ܥܺܕ̄ܬܳܐ)","4-7 / 7-7 / 7-7 / 7-7 / 7-7"
"13","218","248","ܛܠܝܐ ܗܢܘܢ","ܛܠܳܝ̈ܶܐ ܗܳܢܽܘܢ",
"8","229","261","ܝܘܡܢܐ (ܠܟܘܢ ܛܘܒܝܟܘܢ)","ܝܰܘܡܳܢܳܐ (ܠܟܽܘܢ ܛܽܘܒܰܝܟܽܘܢ) (ܙ)",
"0","252","284","ܟܕ ܫܠܝܡܘܢ ܒܦܠܠܐܬܐ (ܩܬܝܣܡܐ)","ܟܰܕ ܫܠܶܝܡܽܘܢ ܒܦܶܠ̈ܠܳܐܬܳܐ (ܩܰܬܺܝܣܡܰܐ)","9 / 8-5 / 6-5 / 8 / 7-7-7 / 5-6-6"
"8","253","285","ܟܝܦܐ ܕܠܐ ܓܙܝܪ ܒܐܝܕܝܐ","ܟܺܝܦܳܐ ܕܠܳܐ ܓܙܺܝܪ ܒܺܐܝ̈ܕܰܝܳܐ",
"12","261","293","ܠܐ ܠܕܝܢܐ ܘܠܐ ܠܬܒܥܬܐ","ܠܳܐ ܠܕܺܝܢܳܐ ܘܠܳܐ ܠܰܬܒܰܥܬܳܐ","7-4-7 / 7-4-7 / 4-4"
"10","319","0","ܡܙܡܘܪܐ","ܡܰܙܡܽܘܪ̈ܶܐ",
"3","338","99","ܐܬܩܛܠܘ ܗܘܘ ܝܠܘܕܐ (ܡܢܘ ܟܝ ܟܕ ܡܝܘܬܐ ܗܘ)","ܐܶܬܩܰܛܰܠܘ̄ ܗ̄ܘܰܘ ܝܰܠܽܘ̈ܕܶܐ (ܡܰܢܽܘ ܟܰܝ ܟܰܕ ܡܳܝܽܘܬܰܐ ܗ̄ܘ)",
"12","361","410","ܡܫܝܚܐ ܢܛܪܝܗ ܠܥܕܬܟ","ܡܫܺܝܚܳܐ ܢܰܛܰܪܶܝܗ ܠܥܺܕ̄ܬܳܟ","7-7 / 7-7 / 7-4-5 / 7-7 / 5-7 / 7-4-7"
"12","389","444","ܥܝܪܐ ܐܕܝܩ (ܦܬܚ ܠܝ ܬܪܥܗ ܕܚܢܢܟ)","ܥܺܝܪܳܐ ܐܰܕܺܝܩ (ܦܬܰܚ ܠܺܝ ܬܰܪܥܶܗ ܕܰܚܢܳܢܳܟ)","7-8 / 7-7 / 7-7 / 5-7"
"5","409","465","ܥܡ ܗܢܘܢ ܕܠܥܠ","ܥܰܡ ܗܳܢܽܘܢ ܕܰܠܥܶܠ (ܐ)",
"13","410","467","ܥܡ ܟܢܫܐ ܫܡܝܢܐ","ܥܰܡ ܟܶܢ̈ܫܶܐ ܫܡܰܝܳܢ̈ܶܐ (ܐ)",
"12","431","493","ܩܕܝܫ ܐܢܬ ܐܠܗܐ ܕܨܦܪܐ","ܩܰܕܺܝܫ ܐܰܢ̄ܬ ܐܰܠܳܗܳܐ ܕܨܰܦܪܳܐ","(6-4)*2 / (7-5)"
"12","432","494","ܩܕܝܫ ܐܢܬ ܐܠܗܐ ܕܪܡܫܐ","ܩܰܕܺܝܫ ܐܰܢ̄ܬ ܐܰܠܳܗܳܐ ܕܪܰܡܫܳܐ","(6-6) (7-5)"
"12","438","500","ܩܘܩܝܐ","ܩܽܘܩܳܝܳܐ","7-4 / 7-5 / 4-5 / 4-5 / 7-4 / 7-5 / 4-5"
"8","470","540","ܫܡܝܐ ܡܕܝܢܬܐ ܕܩܕܝܫܐ","ܫܡܰܝܳܐ ܡܕܺܝܢ̄ܬܳܐ ܕܩܰܕܺܝ̈ܫܶܐ (ܚ)","7-7 / 7-7"
"8","488","565","ܬܫܡܫܬܐ ܪܡܫܝܬܐ","ܬܶܫܡܶܫܬܳܐ ܪܰܡܫܳܝܬܳܐ (ܕ)",
"8","515","434","ܣܠܩܬ ܠܨܠܝܒܐ ܡܫܝܚܐ ܐܠܗܐ ܕܝܠܢ (ܕ)","ܣܠܶܩܬ ܠܰܨܠܺܝܒܳܐ ܡܫܺܝܚܳܐ ܐܰܠܳܗܳܐ ܕܺܝܠܰܢ (ܕ)","(4-7) / (7-7) / 7"
