"TextID","TheText","Chose","TextSearch","TextSearchKey","TextSimilarityKey"
"220","ܟܰܕ ܒܳܢܶܐ ܗ̄ܘܳܐ ܡܽܘܫܶܐ ܡܰܫܟܰܢ ܙܰܒܢܳܐ . ܟܽܠܢܳܫ ܐܰܝܬܺܝ ܪܽܘܡܝܳܢܳܐ ܡܶܕܶܡ ܕܺܐܝܬ ܗ̄ܘܳܐ ܠܶܗ . ܥܰܬܺܝܪ̈ܶܐ ܐܰܪܡܺܝܽܘ ܕܰܗܒܳܐ ܐ̄ܚܪ̈ܳܢܶܐ ܣܺܐܡܳܐ . ܘܰܐ̄ܚܪ̈ܳܢܶܐ ܒܽܘܨܳܐ ܥܙܺܝܠܳܐ ܡܶܕܶܡ ܕܺܐܝܬ ܗ̄ܘܳܐ ܠܗܽܘܢ . ܐܰܪܡܰܠܬܳܐ ܐܰܪܡܝܰܬ ܫܳܡܽܘ̈ܢܶܐ . ܘܰܒܗܳܠܶܝܢ ܥܺܕ̄ܬܳܐ ܪܫܺܝܡܳܐ ܗ̄ܘܳܬ . ܒܪܺܝܟ ","true","ܟܕ ܒܢܐ ܗܘܐ ܡܘܫܐ ܡܫܟܢܙܒܢܐ ܟܠܢܫ ܐܝܬܝ ܪܘܡܝܢܐ ܡܕܡ ܕܐܝܬ ܗܘܐ ܠܗ ܥܬܝܪܐ ܐܪܡܝܘ ܕܗܒܐ ܐܚܪܢܐ ܣܐܡܐ ܘܐܚܪܢܐ ܒܘܨܐ ܥܙܝܠܐ ܡܕܡ ܕܐܝܬ ܗܘܐ ܠܗܘܢ ܐܪܡܠܬܐ ܐܪܡܝܬ ܫܡܘܢܐ ܘܒܗܠܝܢ ܥܕܬܐ ܪܫܝܡܐ ܗܘܬ ܒܪܝܟ ܕܒܢܗ ܠܥܕܬ ܩܘܕܫܐ ܒܫܡܝܐ ܘܒܐܪܥܐ ","828624754FB72A4616D9A26F1DEC1E47","ܟܕ ܒܢܐ ܗܘܐ ܡܘܫܐ ܡܫܟܢ ܙܒܢܐ ܟܠܢܫ ܐܝܬܝ ܪܘܡܝܢܐ ܡܕܡ ܕܐܝܬ ܗܘܐ ܠܗ ܥܬܝܪܐ ܐܪܡܝܘ ܕܗܒܐ ܐܚܪܢܐ ܣܐܡܐ ܘܐܚܪܢܐ ܒܘܨܐ ܥܙܝܠܐ ܡܕܡ ܕܐܝܬ ܗܘܐ ܠܗܘܢ ܐܪܡܠܬܐ ܐܪܡܝܬ ܫܡܘܢܐ ܘܒܗܠܝܢ ܥܕܬܐ ܪܫܝܡܐ ܗܘܬ ܒܪܝܟ ܕܒܢܗ ܠܥܕܬ ܩܘܕܫܐ ܒܫܡܝܐ ܘܒܐܪܥܐ"
"283","ܚܰܬܢܳܐ ܕܥܳܒܶܕ ܡܶܫܬܽܘܬܳܐ . ܬܰܘܪܳܐ ܕܦܶܛܡܳܐ ܢܳܟܶܣ ܒܳܗ̇ . ܘܩܳܪܶܐ ܠܰܙܡܺܝ̈ܢܰܘܗ̄ܝ̄ ܕܥܰܡܶܗ ܢܶܬܒܰܣܡܽܘܢ . ܘܗܳܢܳܐ ܚܰܬܢܳܐ ܫܡܰܝܳܢܳܐ . ܕܡܶܫܬܽܘܬܳܐ ܥܒܰܕ ܠܶܗ . ܒܫܰܗܪܳܐ ܘܨܰܘܡܳܐ ܘܰܨܠܽܘܬܳܐ . ܙܡܺܝ̈ܢܰܘܗ̄ܝ̄ ܡܶܬܒܰܣܡܺܝܢ . ܩܨܳܐ ܦܰܓܪܶܗ ܘܰܗܘܳܐ ܐܽܘܟܠܳܐ . ܡܙܰܓ ܠܰܕܡܶܗ ܘܰܗܘܳܐ ܫܶܩܝܳܐ . ܘ","true","ܚܬܢܐ ܕܥܒܕ ܡܫܬܘܬܐ ܬܘܪܐ ܕܦܛܡܐ ܢܟܣ ܒܗ ܘܩܪܐ ܠܙܡܝܢܘܗܝ ܕܥܡܗ ܢܬܒܣܡܘܢ ܘܗܢܐ ܚܬܢܐ ܫܡܝܢܐ ܕܡܫܬܘܬܐ ܥܒܕ ܠܗ ܒܫܗܪܐ ܘܨܘܡܐ ܘܨܠܘܬܐ ܙܡܝܢܘܗܝ ܡܬܒܣܡܝܢ ܩܨܐ ܦܓܪܗ ܘܗܘܐ ܐܘܟܠܐ ܡܙܓ ܠܕܡܗ ܘܗܘܐ ܫܩܝܐ ܘܗܐ ܦܪܝܩܝܢ ܥܡܡܐ ܒܕܡܗ ܘܥܕܬܐ ܡܟܝܪܬܗ ܚܕܝܐ ܒܗ ܘܐܡܐ ܕܝܠܕܬܗ ܬܫܒܘܚܬܐ ܙܡܪܐ ","4824B647AA06076B161CFD02658722BA","ܚܬܢܐ ܕܥܒܕ ܡܫܬܘܬܐ ܬܘܪܐ ܕܦܛܡܐ ܢܟܣ ܒܗ ܘܩܪܐ ܠܙܡܝܢܘܗܝ ܕܥܡܗ ܢܬܒܣܡܘܢ ܘܗܢܐ ܚܬܢܐ ܫܡܝܢܐ ܕܡܫܬܘܬܐ ܥܒܕ ܠܗ ܒܫܗܪܐ ܘܨܘܡܐ ܘܨܠܘܬܐ ܙܡܝܢܘܗܝ ܡܬܒܣܡܝܢ ܩܨܐ ܦܓܪܗ ܘܗܘܐ ܐܘܟܠܐ ܡܙܓ ܠܕܡܗ ܘܗܘܐ ܫܩܝܐ ܘܗܐ ܦܪܝܩܝܢ ܥܡܡܐ ܒܕܡܗ ܘܥܕܬܐ ܡܟܝܪܬܗ ܚܕܝܐ ܒܗ ܘܐܡܐ ܕܝܠܕܬܗ ܬܫܒܘܚܬܐ ܙܡܪܐ"
"324","ܥܺܕܬܳܟ ܐܶܢܳܐ ܡܳܪܰܢ . ܘܥܰܠ ܦܰܣܰܬ ܐܺܝܕܰܝ̈ܟ ܣܺܝܡܳܢܝ̄ . ܠܳܐ ܬܰܪܦܶܐ ܒܺܝ ܐܺܝ̈ܕܰܝܳܐ ܚܰܬܢܳܐ ܫܡܰܝܳܢܳܐ . ܕܠܰܢܒܺܝ̈ܶܐ ܡܟܺܝܪܳܐ ܐ̄ܢܳܐ . ܘܰܫܠܺܝܚ̈ܶܐ ܣܳܡܘ̄ ܫܶܬܶܐܣܰܝ̈ . ܘܣܳܗ̈ܕܶܐ ܒܰܕܡܳܐ ܕܨܰܘܪ̈ܰܝܗܽܘܢ ܫܰܟܠܶܠܘ̄ ܒܶܢ̈ܝܳܢܰܝ ܀","true","ܥܕܬܟ ܐܢܐ ܡܪܢ ܘܥܠ ܦܣܬ ܐܝܕܝܟ ܣܝܡܢܝ ܠܐ ܬܪܦܐ ܒܝ ܐܝܕܝܐ ܚܬܢܐ ܫܡܝܢܐ ܕܠܢܒܝܐ ܡܟܝܪܐ ܐܢܐ ܘܫܠܝܚܐ ܣܡܘ ܫܬܐܣܝ ܘܣܗܕܐ ܒܕܡܐ ܕܨܘܪܝܗܘܢ ܫܟܠܠܘ ܒܢܝܢܝ ","D7BB66E4949CE70A3153E4D21A9BFCE9","ܥܕܬܟ ܐܢܐ ܡܪܢ ܘܥܠ ܦܣܬ ܐܝܕܝܟ ܣܝܡܢܝ ܠܐ ܬܪܦܐ ܒܝ ܐܝܕܝܐ ܚܬܢܐ ܫܡܝܢܐ ܕܠܢܒܝܐ ܡܟܝܪܐ ܐܢܐ ܘܫܠܝܚܐ ܣܡܘ ܫܬܐܣܝ ܘܣܗܕܐ ܒܕܡܐ ܕܨܘܪܝܗܘܢ ܫܟܠܠܘ ܒܢܝܢܝ"
"657","ܩܰܕܺܝܫܰܬ ܐܰܠܳܗܳܐ . ܩܰܕܺܝܫܰܬ ܚܰܝܠܬܳܢܳܐ . ܩܰܕܺܝܫܰܬ ܠܳܐ ܡܳܝܽܘܬܳܐ ܐܶܬܪܰܚܰܡ ܥܠܰܝܢ ܀","true","ܩܕܝܫܬ ܐܠܗܐ ܩܕܝܫܬ ܚܝܠܬܢܐ ܩܕܝܫܬ ܠܐ ܡܝܘܬܐ ܐܬܪܚܡ ܥܠܝܢ ","0B0B90E4912CC908CA3511DB23B123E6","ܩܕܝܫܬ ܐܠܗܐ ܩܕܝܫܬ ܚܝܠܬܢܐ ܩܕܝܫܬ ܠܐ ܡܝܘܬܐ ܐܬܪܚܡ ܥܠܝܢ"
"1344","ܥܰܡ ܗܳܢܽܘܢ ܕܰܠܥܶܠ . ܪ̈ܰܒܰܝ ܚܰܝ̈ܠܰܘܳܬܳܐ ܕܡܰܠܰܐ̈ܟܶܐ ܡܰܘܕܶܝܢܰܢ ܠܳܟ . ܘܰܡܫܰܒܚܺܝܢܰܢ ܟܰܕ ܐܳܡܪܺܝܢܰܢ . ܠܳܟ ܬܶܫܒܽܘܚܬܳܐ ܒܳܪܽܘܝܳܐ ܕܟܽܠ ܒܶܪ̈ܝܳܬܳܐ ܀","true","ܥܡ ܗܢܘܢ ܕܠܥܠ ܪܒܝ ܚܝܠܘܬܐ ܕܡܠܐܟܐ ܡܘܕܝܢܢ ܠܟ ܘܡܫܒܚܝܢܢ ܟܕ ܐܡܪܝܢܢ ܠܟ ܬܫܒܘܚܬܐ ܒܪܘܝܐ ܕܟܠ ܒܪܝܬܐ ","55ADC5D1E785F9672C6EEC75891D372F","ܥܡ ܗܢܘܢ ܕܠܥܠ ܪܒܝ ܚܝܠܘܬܐ ܕܡܠܐܟܐ ܡܘܕܝܢܢ ܠܟ ܘܡܫܒܚܝܢܢ ܟܕ ܐܡܪܝܢܢ ܠܟ ܬܫܒܘܚܬܐ ܒܪܘܝܐ ܕܟܠ ܒܪܝܬܐ"
"1738","ܟܰܕ ܫܠܶܝܡܽܘܢ ܒܦܶܠ̈ـܠܳܐܬܳܐ ܡܡܰܠܶܠ ܗ̄ܘܳܐ . ܡܰܢ ܕܳܕܶܟܝ̄ ܫܰܦܺܝܪܬܳܐ ܕܢܶܫ̈ܶܐ ܕܣܰܓܺܝ ܚܬܺܝܪܰܬܝ̄ ܒܶܗ . ܕܳܕܝ̄ ܕܺܝܠܝ̄ ܡܶܢ ܣܽܘܓܳܐܐ ܕܪ̈ܶܒܘܳܬܳܐ ܐܶܬܓܒܺܝ . ܗܰܘ̇ ܕܟܰܪܡܶܗ ܐܺܝܬܰܘܗ̄ܝ̄ ܝܺܣܪܳܝܶܠ . ܚܶܘܳܪ ܡܶܢ ܓܦܶܬܳܐ ܕܝܰܥܩܽܘܒ . ܣܽܘܡܳܩ ܡܶܢ ܡܶܫܚܳܐ ܕܢܰܪܕܺܝܢ . ܩܰܛܺܝܢ ܡܶܢ ܐܰܪ̈ܙܶܐ ܕܠܶܒ","true","ܟܕ ܫܠܝܡܘܢ ܒܦܠܠܐܬܐ","10395DDC8891E043CFEB0C40D3F3620B","ܟܕ ܫܠܝܡܘܢ ܒܦܠـܠܐܬܐ ܡܡܠܠ ܗܘܐ ܡܢ ܕܕܟܝ ܫܦܝܪܬܐ ܕܢܫܐ ܕܣܓܝ ܚܬܝܪܬܝ ܒܗ ܕܕܝ ܕܝܠܝ ܡܢ ܣܘܓܐܐ ܕܪܒܘܬܐ ܐܬܓܒܝ ܗܘ ܕܟܪܡܗ ܐܝܬܘܗܝ ܝܣܪܝܠ ܚܘܪ ܡܢ ܓܦܬܐ ܕܝܥܩܘܒ ܣܘܡܩ ܡܢ ܡܫܚܐ ܕܢܪܕܝܢ ܩܛܝܢ ܡܢ ܐܪܙܐ ܕܠܒܢܢ ܕܡܘܬܐ ܗܘ ܕܐܠܗܐ ܕܠܗ ܟܠܢ ܩـܥܝܢܢ ܡܪܐ ܟܠ ܫܘܒܚܐ ܠܟ"
"2130","ܥܰܡ ܟܪ̈ܽܘܒܶܐ ܢܒܰܪܟܳܟ . ܘܥܰܡ ܣܪ̈ܳܦܶܐ ܢܩܰܕܶܫ ܠܰܫܡܳܟ ܪܳܚܶܡ ܐ̄ܢܳܫ̈ܳܐ . ܘܥܰܡ ܡܰܠܰܐ̈ܟܶܐ ܢܶܒܪܽܘܟ ܘܢܶܣܓܽܘܕ ܠܳܟ . ܘܠܳܟ ܬܶܫܒܽܘܚܬܳܐ ܒܳܪܽܘܝܳܐ ܕܟܽܠ ܒܶܪ̈ܝܳܬܳܐ ܀","true","ܥܡ ܟܪܘܒܐ ܢܒܪܟܟ ܘܥܡ ܣܪܦܐ ܢܩܕܫ ܠܫܡܟ ܪܚܡ ܐܢܫܐ ܘܥܡ ܡܠܐܟܐ ܢܒܪܘܟ ܘܢܣܓܘܕ ܠܟ ܘܠܟ ܬܫܒܘܚܬܐ ܒܪܘܝܐ ܕܟܠ ܒܪܝܬܐ ","B4B5AFDADC3339058B6E4CD1BF5D1D45","ܥܡ ܟܪܘܒܐ ܢܒܪܟܟ ܘܥܡ ܣܪܦܐ ܢܩܕܫ ܠܫܡܟ ܪܚܡ ܐܢܫܐ ܘܥܡ ܡܠܐܟܐ ܢܒܪܘܟ ܘܢܣܓܘܕ ܠܟ ܘܠܟ ܬܫܒܘܚܬܐ ܒܪܘܝܐ ܕܟܠ ܒܪܝܬܐ"
"2627","ܛܰܠܳܐ ܕܚܰܝ̈ܶܐ . ܗܰܘ̇ ܕܶܐܫܬܰܕܰܪ ܡܶܢ ܐܰܒܳܐ . ܘܪܰܣܶܣ ܐܶܢܽܘܢ ܠܰܛܠܳܝ̈ܶܐ . ܒܓܰܘ ܐܰܬܽܘܢܳܐ ܕܒܳܒ̈ܠܳܝܶܐ . ܗܽܘ̣ ܢܰܛܶܠ ܥܰܠ ܥܰܢܺܝ̈ܕܶܐ . ܒܰܐܘܳܢ̈ܶܐ ܟܡܺܝܪ̈ܶܐ ܕܰܫܝܽܘܠ . ܘܰܢܚܰܣܶܐ ܒܽܘܨܳܪ̈ܰܝܗܽܘܢ . ܕܥܰܒ̈ܕܰܘܗ̄ܝ̄ ܕܰܫܟܶܒܘ̄ ܥܰܠ ܣܰܒܪܶܗ . ܘܢܰܘܪܶܬ ܐܶܢܽܘܢ ܡܰܠܟܽܘܬܶܗ . ܕܠܳܐ ܥܳܒܪܳܐ ܘܠܳܐ","true","ܛܠܐ ܕܚܝܐ ܗܘ ܕܐܫܬܕܪ ܡܢ ܐܒܐ ܘܪܣܣ ܐܢܘܢ ܠܛܠܝܐ ܒܓܘ ܐܬܘܢܐ ܕܒܒܠܝܐ ܗܘ ܢܛܠ ܥܠ ܥܢܝܕܐ ܒܐܘܢܐ ܟܡܝܪܐ ܕܫܝܘܠ ܘܢܚܣܐ ܒܘܨܪܝܗܘܢ ܕܥܒܕܘܗܝ ܕܫܟܒܘ ܥܠ ܣܒܪܗ ܘܢܘܪܬ ܐܢܘܢ ܡܠܟܘܬܗ ܕܠܐ ܥܒܪܐ ܘܠܐ ܡܫܬܪܝܐ ","8AE21F8432B700DB9A7A21F1C44EA2BE","ܛܠܐ ܕܚܝܐ ܗܘ ܕܐܫܬܕܪ ܡܢ ܐܒܐ ܘܪܣܣ ܐܢܘܢ ܠܛܠܝܐ ܒܓܘ ܐܬܘܢܐ ܕܒܒܠܝܐ ܗܘ ܢܛܠ ܥܠ ܥܢܝܕܐ ܒܐܘܢܐ ܟܡܝܪܐ ܕܫܝܘܠ ܘܢܚܣܐ ܒܘܨܪܝܗܘܢ ܕܥܒܕܘܗܝ ܕܫܟܒܘ ܥܠ ܣܒܪܗ ܘܢܘܪܬ ܐܢܘܢ ܡܠܟܘܬܗ ܕܠܐ ܥܒܪܐ ܘܠܐ ܡܫܬܪܝܐ"
"3304","ܩܽܘܡܝ̄ ܩܰܒܶܠܝ̄ ܟܰܠܰܬ ܢܽܘܗܪܳܐ ܠܪ̈ܳܥܰܘܳܬܶܟܝ̄ ܫܰܪܺܝܪ̈ܶܐ . ܕܰܫܩܰܠܘ̄ ܠܰܛܢܳܢܗܽܘܢ ܝܺܕܰܥܬܳܐ ܐܰܠܳܗܳܝܬܳܐ . ܘܰܟܐܳܝ ܒܛܳܥܰܝ̈ܶܐ ܡܰܣ̈ܛܝܰܝ ܡܶܢ ܫܪܳܪܶܟܝ̄ . ܘܒܶܐܡܪܶܗ ܕܰܐܠܳܗܳܐ ܐ̄ܪܳܙܳܢܳܐܺܝܬ ܐܶܬܒܣܶܡܝ̄ ܐܰܝ̄ܟ ܕܰܐܫܠܶܡܘ̄ ܠܶܟܝ̄ ܫ̈ܠܺܝܚܶܐ ܘܰܐ̈ܒܳܗܳܬܳܐ ܩܰܕܺܝ̈ܫܶܐ . ܘܰܩܥܳܝ ܕܡܰܚܪܰܡ ܗ̄ܘ̣ܽ ","true","ܩܘܡܝ ܩܒܠܝ ܟܠܬ ܢܘܗܪܐ ܠܪܥܘܬܟܝ ܫܪܝܪܐ ܕܫܩܠܘ ܠܛܢܢܗܘܢ ܝܕܥܬܐ ܐܠܗܝܬܐ ܘܟܐܝ ܒܛܥܝܐ ܡܣܛܝܝ ܡܢ ܫܪܪܟܝ ܘܒܐܡܪܗ ܕܐܠܗܐ ܐܪܙܢܐܝܬ ܐܬܒܣܡܝ ܐܝܟ ܕܐܫܠܡܘ ܠܟܝ ܫܠܝܚܐ ܘܐܒܗܬܐ ܩܕܝܫܐ ܘܩܥܝ ܕܡܚܪܡ ܗܘ̣ ܐܝܢܐ ܕܡܪܦܐ ܠܫܪܪܟܝ ","94115480BBA7A8142F0D0E83E533BCA8","ܩܘܡܝ ܩܒܠܝ ܟܠܬ ܢܘܗܪܐ ܠܪܥܘܬܟܝ ܫܪܝܪܐ ܕܫܩܠܘ ܠܛܢܢܗܘܢ ܝܕܥܬܐ ܐܠܗܝܬܐ ܘܟܐܝ ܒܛܥܝܐ ܡܣܛܝܝ ܡܢ ܫܪܪܟܝ ܘܒܐܡܪܗ ܕܐܠܗܐ ܐܪܙܢܐܝܬ ܐܬܒܣܡܝ ܐܝܟ ܕܐܫܠܡܘ ܠܟܝ ܫܠܝܚܐ ܘܐܒܗܬܐ ܩܕܝܫܐ ܘܩܥܝ ܕܡܚܪܡ ܗܘ ܐܝܢܐ ܕܡܪܦܐ ܠܫܪܪܟܝ"
"3305","ܡܳܐ ܫܰܦܺܝܪܬܝ̄ ܘܡܳܐ ܝܳܐܝܰܬܝ̄ . ܐܳܘ ܥܺܕ̄ܬܳܐ ܡܗܰܝܡܰܢܬܳܐ ܡܟܺܝܪܬܶܗ ܕܚܰܬܢܳܐ ܡܫܺܝܚܳܐ . ܝܳܐܶܝܢ ܦܰܟܰܝ̈ܟܝ̄ ܒܰܓ̈ܕܽܘܠܶܐ . ܐܳܦ ܨܰܘܪܶܟܝ̄ ܒܗܶܡܢܺܝܟܳܐ ܕܰܗܒܳܢܳܝܳܐ . ܒܰܕܡܳܐ ܕܣܳܗ̈ܕܶܐ ܡܨܰܒܬܳܐ ܐܰܢ̄ܬܝ̄ . ܘܰܒܝܽܘܠ̈ܦܳܢܶܐ ܒܚܺܝܪ̈ܶܐ ܡܫܰܪܪܳܐ ܐܰܢ̄ܬܝ̄ . ܘܡܶܬܒܰܣܡܳܐ ܐܰܢ̄ܬܝ̄ ܒܠܰܚܡܳܐ ܫܡܰܝܳܢ","true","ܡܐ ܫܦܝܪܬܝ ܘܡܐ ܝܐܝܬܝ ܐܘ ܥܕܬܐ ܡܗܝܡܢܬܐ ܡܟܝܪܬܗ ܕܚܬܢܐ ܡܫܝܚܐ ܝܐܝܢ ܦܟܝܟܝ ܒܓܕܘܠܐ ܐܦ ܨܘܪܟܝ ܒܗܡܢܝܟܐ ܕܗܒܢܝܐ ܒܕܡܐ ܕܣܗܕܐ ܡܨܒܬܐ ܐܢܬܝ ܘܒܝܘܠܦܢܐ ܒܚܝܪܐ ܡܫܪܪܐ ܐܢܬܝ ܘܡܬܒܣܡܐ ܐܢܬܝ ܒܠܚܡܐ ܫܡܝܢܐ ܕܐܠܗܐ ܡܥܠܝܐ ","3E334011F8232F861677A34AF1BC191F","ܡܐ ܫܦܝܪܬܝ ܘܡܐ ܝܐܝܬܝ ܐܘ ܥܕܬܐ ܡܗܝܡܢܬܐ ܡܟܝܪܬܗ ܕܚܬܢܐ ܡܫܝܚܐ ܝܐܝܢ ܦܟܝܟܝ ܒܓܕܘܠܐ ܐܦ ܨܘܪܟܝ ܒܗܡܢܝܟܐ ܕܗܒܢܝܐ ܒܕܡܐ ܕܣܗܕܐ ܡܨܒܬܐ ܐܢܬܝ ܘܒܝܘܠܦܢܐ ܒܚܝܪܐ ܡܫܪܪܐ ܐܢܬܝ ܘܡܬܒܣܡܐ ܐܢܬܝ ܒܠܚܡܐ ܫܡܝܢܐ ܕܐܠܗܐ ܡܥܠܝܐ"
"3306","ܗܰܘ̇ ܕܰܠܥܺܕ̄ܬܶܗ ܩܰܕܺܝܫܬܳܐ ܨܰܒܶܬ . ܒܝܰܕ ܫܽܘ̈ܟܳܢܶܐ ܕܪܽܘܚܳܐ ܩܰܕܺܝܫܳܐ . ܪܰܚܶܡ ܥܠܰܝ ܐܰܠܳܗܳܐ ܀","true","ܗܘ ܕܠܥܕܬܗ ܩܕܝܫܬܐ ܨܒܬ ܒܝܕ ܫܘܟܢܐ ܕܪܘܚܐ ܩܕܝܫܐ ܪܚܡ ܥܠܝ ܐܠܗܐ ","3AAAE80EC4851BBCF5FA3AE05427A62F","ܗܘ ܕܠܥܕܬܗ ܩܕܝܫܬܐ ܨܒܬ ܒܝܕ ܫܘܟܢܐ ܕܪܘܚܐ ܩܕܝܫܐ ܪܚܡ ܥܠܝ ܐܠܗܐ"
"3307","ܗܰܘ̇ ܕܶܐܫܬܰܘܕܺܝ ܠܥܺܕ̄ܬܶܗ ܡܗܰܝܡܰܢܬܳܐ . ܕܡܽܘ̈ܟܠܶܐ ܕܰܫܝܽܘܠ ܣܳܟ ܠܳܐ ܢܶܚܣܢܽܘܢܳܗ̇ . ܪܰܚܶܡ ܥܠܰܝ ܐܰܠܳܗܳܐ ܀","true","ܗܘ ܕܐܫܬܘܕܝ ܠܥܕܬܗ ܡܗܝܡܢܬܐ ܕܡܘܟܠܐ ܕܫܝܘܠ ܣܟ ܠܐ ܢܚܣܢܘܢܗ ܪܚܡ ܥܠܝ ܐܠܗܐ ","BF51EFE69703CB95D6F56C5DB008B127","ܗܘ ܕܐܫܬܘܕܝ ܠܥܕܬܗ ܡܗܝܡܢܬܐ ܕܡܘܟܠܐ ܕܫܝܘܠ ܣܟ ܠܐ ܢܚܣܢܘܢܗ ܪܚܡ ܥܠܝ ܐܠܗܐ"
"3308","ܒܪܺܝܟ ܒܰܪ ܡܰܠܟܳܐ ܕܰܐܬܩܶܢ ܥܰܠ ܐܰܪܥܳܐ . ܥܺܕ̄ܬܳܐ ܙܗܺܝܬܳܐ ܘܰܐܫܠܛܳܗ̇ ܥܰܠ ܥܰܡ̈ܡܶܐ . ܪܰܚܶܡ ܥܠܰܝ ܐܰܠܳܗܳܐ ܀","true","ܒܪܝܟ ܒܪ ܡܠܟܐ ܕܐܬܩܢ ܥܠ ܐܪܥܐ ܥܕܬܐ ܙܗܝܬܐ ܘܐܫܠܛܗ ܥܠ ܥܡܡܐ ܪܚܡ ܥܠܝ ܐܠܗܐ ","C8854B96E3369AE9F178A06D8B159EB0","ܒܪܝܟ ܒܪ ܡܠܟܐ ܕܐܬܩܢ ܥܠ ܐܪܥܐ ܥܕܬܐ ܙܗܝܬܐ ܘܐܫܠܛܗ ܥܠ ܥܡܡܐ ܪܚܡ ܥܠܝ ܐܠܗܐ"
"3309","ܗܰܘ̇ ܕܰܒܚܽܘܒܶܗ ܦܰܪܩܳܗ̇ ܠܳܗ̇ ܠܥܺܕ̄ܬܶܗ . ܘܝܰܗ̄ܒ ܠܳܗ̇ ܦܰܓܪܶܗ ܘܰܕܡܶܗ ܪܰܗܒܽܘܢܳܐ . ܪܰܚܶܡ ܥܠܰܝ ܐܰܠܳܗܳܐ ܀","true","ܗܘ ܕܒܚܘܒܗ ܦܪܩܗ ܠܗ ܠܥܕܬܗ ܘܝܗܒ ܠܗ ܦܓܪܗ ܘܕܡܗ ܪܗܒܘܢܐ ܪܚܡ ܥܠܝ ܐܠܗܐ ","0EF934D80FAF0324E3EE93B6168ABE5D","ܗܘ ܕܒܚܘܒܗ ܦܪܩܗ ܠܗ ܠܥܕܬܗ ܘܝܗܒ ܠܗ ܦܓܪܗ ܘܕܡܗ ܪܗܒܘܢܐ ܪܚܡ ܥܠܝ ܐܠܗܐ"
"3310","ܫܽܘܒܚܳܐ ܠܰܐܒܳܐ ܘܬܰܘܕܺܝܬܳܐ ܠܰܒܪܳܐ . ܘܰܠܪܽܘܚ ܩܽܘܕܫܳܐ ܣܶܓܕܬܳܐ ܘܪܽܘܡܪܳܡܳܐ . ܕܰܐܩܺܝܡ ܠܶܗ ܥܺܕ̄ܬܳܐ ܒܰܐܪܥܳܐ ܀","true","ܫܘܒܚܐ ܠܐܒܐ ܘܬܘܕܝܬܐ ܠܒܪܐ ܘܠܪܘܚ ܩܘܕܫܐ ܣܓܕܬܐ ܘܪܘܡܪܡܐ ܕܐܩܝܡ ܠܗ ܥܕܬܐ ܒܐܪܥܐ ","6BEF2DDA9D612E84443AB509A99F5F70","ܫܘܒܚܐ ܠܐܒܐ ܘܬܘܕܝܬܐ ܠܒܪܐ ܘܠܪܘܚ ܩܘܕܫܐ ܣܓܕܬܐ ܘܪܘܡܪܡܐ ܕܐܩܝܡ ܠܗ ܥܕܬܐ ܒܐܪܥܐ"
"3311","ܬܶܫܡܶܫܬܳܐ ܪܰܡܫܳܝܬܳܐ ܕܦܽܘܠܚܳܢ ܬܶܫܡܶܫܬܳܐ ܡܠܺܝܠܬܳܐ . ܠܳܟ ܗ̄ܘ̣ܽ ܡܫܺܝܚܳܐ ܡܩܰܪܒܺܝܢܰܢ . ܡܶܛܽܠ ܕܰܨܒܰܝܬ ܒܪ̈ܰܚܡܰܝܟ ܕܰܬܪܰܚܶܡ ܘܰܬܚܽܘܢ ܠܰܢ . ܒܓܰܘ ܥܺܕ̄ܬܳܟ ܦܪܺܝܩܰܬ ܒܰܨܠܺܝܒܳܟ ܀","true","ܬܫܡܫܬܐ ܪܡܫܝܬܐ ܕܦܘܠܚܢ ܬܫܡܫܬܐ ܡܠܝܠܬܐ ܠܟ ܗܘ̣ ܡܫܝܚܐ ܡܩܪܒܝܢܢ ܡܛܠ ܕܨܒܝܬ ܒܪܚܡܝܟ ܕܬܪܚܡ ܘܬܚܘܢ ܠܢ ܒܓܘ ܥܕܬܟ ܦܪܝܩܬ ܒܨܠܝܒܟ ","3E3B8E603A57008C171ED371DFE44296","ܬܫܡܫܬܐ ܪܡܫܝܬܐ ܕܦܘܠܚܢ ܬܫܡܫܬܐ ܡܠܝܠܬܐ ܠܟ ܗܘ ܡܫܝܚܐ ܡܩܪܒܝܢܢ ܡܛܠ ܕܨܒܝܬ ܒܪܚܡܝܟ ܕܬܪܚܡ ܘܬܚܘܢ ܠܢ ܒܓܘ ܥܕܬܟ ܦܪܝܩܬ ܒܨܠܝܒܟ"
"3312","ܒܒܳܥܽܘ ܡܳܪܝܳܐ ܡܳܪܰܢ . ܠܳܐ ܬܰܪܦܶܐ ܘܬܶܫܒܽܘܩ ܠܰܢ ܡܶܢ ܩܕܳܡ ܦܰܪܨܽܘܦܳܐ ܕܺܝܠܳܟ . ܐܶܠܳܐ ܨܒܺܝ ܒܰܢ ܐܰܝ̄ܟ ܛܳܒܳܐ ܕܰܬܪܰܚܶܡ ܘܰܬܚܽܘܢ ܠܰܢ . ܒܓܰܘ ܥܺܕ̄ܬܳܟ ܦܪܺܝܩܰܬ ܒܰܨܠܺܝܒܳܟ ܀","true","ܒܒܥܘ ܡܪܝܐ ܡܪܢ ܠܐ ܬܪܦܐ ܘܬܫܒܘܩ ܠܢ ܡܢ ܩܕܡ ܦܪܨܘܦܐ ܕܝܠܟ ܐܠܐ ܨܒܝ ܒܢ ܐܝܟ ܛܒܐ ܕܬܪܚܡ ܘܬܚܘܢ ܠܢ ܒܓܘ ܥܕܬܟ ܦܪܝܩܬ ܒܨܠܝܒܟ ","106DA7D567EE8117268A286759F3EDB6","ܒܒܥܘ ܡܪܝܐ ܡܪܢ ܠܐ ܬܪܦܐ ܘܬܫܒܘܩ ܠܢ ܡܢ ܩܕܡ ܦܪܨܘܦܐ ܕܝܠܟ ܐܠܐ ܨܒܝ ܒܢ ܐܝܟ ܛܒܐ ܕܬܪܚܡ ܘܬܚܘܢ ܠܢ ܒܓܘ ܥܕܬܟ ܦܪܝܩܬ ܒܨܠܝܒܟ"
"3313","ܒܰܛܶܠ ܣܶܕ̈ܩܶܐ ܡܶܢ ܥܺܕ̄ܬܳܟ . ܘܪܰܡܪܶܡ ܩܰܪܢܳܗ̇ ܒܟܽܠ ܦܶܢ̈ܝܳܢ . ܘܰܐܣܓܳܐ ܠܳܗ̇ ܫܠܳܡܳܐ ܘܫܰܝܢܳܐ . ܘܢܰܛܰܪܶܝܗ̇ ܡܳܪܝ̄ ܒܰܨܠܺܝܒܳܟ ܕܬܶܩܥܶܐ ܠܳܟ ܒܟܶܢܫܳܐ ܕܰܒ̈ܢܶܝܗ̇ . ܫܽܘܒܚܳܐ ܠܳܟ ܘܰܠܫܳܠܽܘܚܳܟ ܀","true","ܒܛܠ ܣܕܩܐ ܡܢ ܥܕܬܟ ܘܪܡܪܡ ܩܪܢܗ ܒܟܠ ܦܢܝܢ ܘܐܣܓܐ ܠܗ ܫܠܡܐ ܘܫܝܢܐ ܘܢܛܪܝܗ ܡܪܝ ܒܨܠܝܒܟ ܕܬܩܥܐ ܠܟ ܒܟܢܫܐ ܕܒܢܝܗ ܫܘܒܚܐ ܠܟ ܘܠܫܠܘܚܟ ","3757D2629B102421E40004CF08CFCAE5","ܒܛܠ ܣܕܩܐ ܡܢ ܥܕܬܟ ܘܪܡܪܡ ܩܪܢܗ ܒܟܠ ܦܢܝܢ ܘܐܣܓܐ ܠܗ ܫܠܡܐ ܘܫܝܢܐ ܘܢܛܪܝܗ ܡܪܝ ܒܨܠܝܒܟ ܕܬܩܥܐ ܠܟ ܒܟܢܫܐ ܕܒܢܝܗ ܫܘܒܚܐ ܠܟ ܘܠܫܠܘܚܟ"
"3314","ܥܺܕܰܬ ܩܽܘܕܫܳܐ ܙܡܰܪܝ̄ ܫܽܘܒܚܳܐ . ܠܚܰܬܢܳܐ ܕܡܰܟܪܶܟܝ̄ ܒܛܰܝܒܽܘܬܶܗ . ܘܒܰܨܠܺܝܒܶܗ ܚܰܝܳܐ ܦܰܪܩܶܟܝ̄ . ܘܣܳܡ ܒܶܟܝ̄ ܦܰܓܪܶܗ ܩܰܕܺܝܫܳܐ . ܘܰܕܡܶܗ ܟܳܣܳܐ ܕܦܽܘܪܩܳܢܳܐ . ܚܽܘܣܳܝܳܐ ܠܟܽܠܗܽܘܢ ܡܗܰܝ̈ܡܢܶܐ ܀","true","ܥܕܬ ܩܘܕܫܐ ܙܡܪܝ ܫܘܒܚܐ ܠܚܬܢܐ ܕܡܟܪܟܝ ܒܛܝܒܘܬܗ ܘܒܨܠܝܒܗ ܚܝܐ ܦܪܩܟܝ ܘܣܡ ܒܟܝ ܦܓܪܗ ܩܕܝܫܐ ܘܕܡܗ ܟܣܐ ܕܦܘܪܩܢܐ ܚܘܣܝܐ ܠܟܠܗܘܢ ܡܗܝܡܢܐ ","11CFB3A97C2F02D866CD16E118814B8B","ܥܕܬ ܩܘܕܫܐ ܙܡܪܝ ܫܘܒܚܐ ܠܚܬܢܐ ܕܡܟܪܟܝ ܒܛܝܒܘܬܗ ܘܒܨܠܝܒܗ ܚܝܐ ܦܪܩܟܝ ܘܣܡ ܒܟܝ ܦܓܪܗ ܩܕܝܫܐ ܘܕܡܗ ܟܣܐ ܕܦܘܪܩܢܐ ܚܘܣܝܐ ܠܟܠܗܘܢ ܡܗܝܡܢܐ"
"3315","ܕܰܘܺܝܕ ܡܰܠܟܳܐ ܒܰܙܡܺܝܪܬܶܗ . ܐܶܬܢܰܒܺܝ ܠܶܟܝ̄ ܐܳܘ ܥܺܕ̄ܬܳܐ . ܕܡܰܠ̈ܟܶܐ ܢܺܐܬܽܘܢ ܠܺܐܝܩܳܪܶܟܝ̄ . ܕܡܰܠܟܳܐ ܕܰܫܪܶܐ ܒܶܟܝ̄ ܐܺܝܬܰܘܗ̄ܝ̄ . ܡܰܠܟܳܐ ܪܰܒܳܐ ܕܰܠܥܳܠܡܺܝܢ . ܘܠܶܗ ܗ̄ܘ̣ܽ ܝܳܐܝܳܐ ܬܶܫܒܽܘܚܬܳܐ ܀","true","ܕܘܝܕ ܡܠܟܐ ܒܙܡܝܪܬܗ ܐܬܢܒܝ ܠܟܝ ܐܘ ܥܕܬܐ ܕܡܠܟܐ ܢܐܬܘܢ ܠܐܝܩܪܟܝ ܕܡܠܟܐ ܕܫܪܐ ܒܟܝ ܐܝܬܘܗܝ ܡܠܟܐ ܪܒܐ ܕܠܥܠܡܝܢ ܘܠܗ ܗܘ̣ ܝܐܝܐ ܬܫܒܘܚܬܐ ","9C8EE133E57B8BEA003222408AE534E8","ܕܘܝܕ ܡܠܟܐ ܒܙܡܝܪܬܗ ܐܬܢܒܝ ܠܟܝ ܐܘ ܥܕܬܐ ܕܡܠܟܐ ܢܐܬܘܢ ܠܐܝܩܪܟܝ ܕܡܠܟܐ ܕܫܪܐ ܒܟܝ ܐܝܬܘܗܝ ܡܠܟܐ ܪܒܐ ܕܠܥܠܡܝܢ ܘܠܗ ܗܘ ܝܐܝܐ ܬܫܒܘܚܬܐ"
"3316","ܩܽܘܡܝ̄ ܐܰܢܗܰܪܝ̄ ܕܰܡܛܳܐ ܢܽܘܗܪܶܟܝ̄ ܥܺܕܰܬ ܩܽܘܕܫܳܐ ܡܗܰܝܡܰܢܬܳܐ . ܕܡܳܪܝܳܐ ܡܪܰܝܡܳܐ ܘܰܕܚܺܝܠܳܐ . ܕܳܢܰܚ ܫܳܪܶܐ ܒܣܳܚܪ̈ܳܬܶܟܝ̄ . ܘܟܽܠܗܽܘܢ ܥܰܡ̈ܡܶܐ ܘܶܐܡ̈ܘܳܬܳܐ ܡܶܬܟܰܢܫܺܝܢ ܠܶܟܝ̄ ܡܶܢ ܣܰܘ̈ܦܶܐ ܠܣܰܘ̈ܦܶܐ . ܕܶܐܣܬܰܒܰܪ ܘܺܝܕܰܥ ܟܽܠ ܐ̄ܢܳܫ . ܕܗܽܘܝܽܘ ܡܰܠܟܳܐ ܕܰܠܥܳܠܡܺܝܢ . ܫܰܒܰܚܝ̄ ܕܠܳܐ ܫܶ","true","ܩܘܡܝ ܐܢܗܪܝ ܕܡܛܐ ܢܘܗܪܟܝ ܥܕܬ ܩܘܕܫܐ ܡܗܝܡܢܬܐ ܕܡܪܝܐ ܡܪܝܡܐ ܘܕܚܝܠܐ ܕܢܚ ܫܪܐ ܒܣܚܪܬܟܝ ܘܟܠܗܘܢ ܥܡܡܐ ܘܐܡܘܬܐ ܡܬܟܢܫܝܢ ܠܟܝ ܡܢ ܣܘܦܐ ܠܣܘܦܐ ܕܐܣܬܒܪ ܘܝܕܥ ܟܠ ܐܢܫ ܕܗܘܝܘ ܡܠܟܐ ܕܠܥܠܡܝܢ ܫܒܚܝ ܕܠܐ ܫܠܝܐ ܠܗܘ ܕܓܒܟܝ ܡܢ ܫܘܪܝܐ ܘܐܬܩܢ ܒܟܝ ܡܕܒܚ ܩܘܕܫܐ ܘܣܡ ܒܟܝ ܦܓܪܗ ܘܕܡܗ ܚܝܐ ܠܚܘܣܝܐ ","3C734025B56750721357B5D3BED77BCA","ܩܘܡܝ ܐܢܗܪܝ ܕܡܛܐ ܢܘܗܪܟܝ ܥܕܬ ܩܘܕܫܐ ܡܗܝܡܢܬܐ ܕܡܪܝܐ ܡܪܝܡܐ ܘܕܚܝܠܐ ܕܢܚ ܫܪܐ ܒܣܚܪܬܟܝ ܘܟܠܗܘܢ ܥܡܡܐ ܘܐܡܘܬܐ ܡܬܟܢܫܝܢ ܠܟܝ ܡܢ ܣܘܦܐ ܠܣܘܦܐ ܕܐܣܬܒܪ ܘܝܕܥ ܟܠ ܐܢܫ ܕܗܘܝܘ ܡܠܟܐ ܕܠܥܠܡܝܢ ܫܒܚܝ ܕܠܐ ܫܠܝܐ ܠܗܘ ܕܓܒܟܝ ܡܢ ܫܘܪܝܐ ܘܐܬܩܢ ܒܟܝ ܡܕܒܚ ܩܘܕܫܐ ܘܣܡ ܒܟܝ ܦܓܪܗ ܘܕܡܗ ܚܝܐ ܠܚܘܣܝܐ"
"3317","ܫܠܶܝܡܽܘܢ ܒܢܳܐ ܗܰܝܟܠܳܐ ܪܰܒܳܐ . ܕܬܶܫܪܶܐ ܒܶܗ ܐܰܠܳܗܽܘܬܳܟ . ܘܰܢܚܶܬܬ ܠܶܗ ܬܰܪ̈ܬܶܝܢ ܙܰܒܢܺܝ̈ܢ ܘܡܶܢ ܒܶܝܬ ܟܪ̈ܽܘܒܶܐ ܫܡܰܥ ܩܳܠܳܟ . ܠܗܳܢܳܐ ܕܶܝܢ ܡܰܕܒܰܚ ܩܽܘܕܫܳܐ . ܕܒܶܗ ܡܶܙܕܰܝܰܚ ܦܰܓܪܶܗ ܕܺܝܚܺܝܕܳܟ . ܡܦܺܝܣܺܝܢܰܢ ܠܳܟ ܒܰܚܢܰܓܬܳܐ . ܕܰܬܫܰܕܰܪ ܪܽܘܚܳܐ ܕܩܽܘܕܫܳܐ ܢܩܰܕܫܺܝܘܗ̄ܝ̄ ܘܰܢܕܰܟܶܝܘܗ̄","true","ܫܠܝܡܘܢ ܒܢܐ ܗܝܟܠܐ ܪܒܐ ܕܬܫܪܐ ܒܗ ܐܠܗܘܬܟ ܘܢܚܬܬ ܠܗ ܬܪܬܝܢ ܙܒܢܝܢ ܘܡܢ ܒܝܬ ܟܪܘܒܐ ܫܡܥ ܩܠܟ ܠܗܢܐ ܕܝܢ ܡܕܒܚ ܩܘܕܫܐ ܕܒܗ ܡܙܕܝܚ ܦܓܪܗ ܕܝܚܝܕܟ ܡܦܝܣܝܢܢ ܠܟ ܒܚܢܓܬܐ ܕܬܫܕܪ ܪܘܚܐ ܕܩܘܕܫܐ ܢܩܕܫܝܘܗܝ ܘܢܕܟܝܘܗܝ ܕܢܗܘܐ ܡܥܡܪܐ ܠܪܒܘܬܟ ܘܬܫܬܡܫ ܒܗ ܙܗܝܐܝܬ ܡܢ ܬܝܒܐ ܕܐܘܕܝܘ ܒܬܠܝܬܝܘܬܐ ","3C4BB8B9C0C520DA6CB92EA1091BCB0A","ܫܠܝܡܘܢ ܒܢܐ ܗܝܟܠܐ ܪܒܐ ܕܬܫܪܐ ܒܗ ܐܠܗܘܬܟ ܘܢܚܬܬ ܠܗ ܬܪܬܝܢ ܙܒܢܝܢ ܘܡܢ ܒܝܬ ܟܪܘܒܐ ܫܡܥ ܩܠܟ ܠܗܢܐ ܕܝܢ ܡܕܒܚ ܩܘܕܫܐ ܕܒܗ ܡܙܕܝܚ ܦܓܪܗ ܕܝܚܝܕܟ ܡܦܝܣܝܢܢ ܠܟ ܒܚܢܓܬܐ ܕܬܫܕܪ ܪܘܚܐ ܕܩܘܕܫܐ ܢܩܕܫܝܘܗܝ ܘܢܕܟܝܘܗܝ ܕܢܗܘܐ ܡܥܡܪܐ ܠܪܒܘܬܟ ܘܬܫܬܡܫ ܒܗ ܙܗܝܐܝܬ ܡܢ ܬܝܒܐ ܕܐܘܕܝܘ ܒܬܠܝܬܝܘܬܐ"
"3318","ܕܽܘܨܝ̄ ܘܰܚܕܳܝ ܥܺܕܰܬ ܩܽܘܕܫܳܐ . ܘܰܐܪܺܝܡܝ̄ ܩܳܠܶܟܝ̄ ܒܰܩܥܳܬܳܐ . ܘܰܙܡܰܪܝ̄ ܫܽܘܒܚܳܐ ܘܬܰܘܕܺܝܬܳܐ . ܠܺܝܚܺܝܕܳܐ ܕܚܰܫ ܥܰܠ ܐܰܦܰܝ̈ܟܝ̄ . ܘܰܦܪܰܩ ܝܰܠ̈ܕܰܝܟܝ̄ ܡܶܢ ܛܽܘܥܝܰܝ . ܘܰܚܡܰܠ ܐܶܢܽܘܢ ܒܰܛܝܳܪܳܐ ܕܚܰܝ̈ܶܐ . ܘܣܳܡ ܦܰܓܪܶܗ ܘܰܕܡܶܗ ܩܽܘܕܡܰܝܟܝ̄ . ܕܬܶܬܚܰܣܶܝܢ ܡܶܢ ܚܰܘ̈ܒܳܬܶܟܝ̄ . ܘܬܶܥܠܺܝܢ ","true","ܕܘܨܝ ܘܚܕܝ ܥܕܬ ܩܘܕܫܐ ܘܐܪܝܡܝ ܩܠܟܝ ܒܩܥܬܐ ܘܙܡܪܝ ܫܘܒܚܐ ܘܬܘܕܝܬܐ ܠܝܚܝܕܐ ܕܚܫ ܥܠ ܐܦܝܟܝ ܘܦܪܩ ܝܠܕܝܟܝ ܡܢ ܛܘܥܝܝ ܘܚܡܠ ܐܢܘܢ ܒܛܝܪܐ ܕܚܝܐ ܘܣܡ ܦܓܪܗ ܘܕܡܗ ܩܘܕܡܝܟܝ ܕܬܬܚܣܝܢ ܡܢ ܚܘܒܬܟܝ ܘܬܥܠܝܢ ܠܓܢܘܢܐ ܘܬܬܒܣܡܝܢ ܥܡܗ ܒܪܘܡܐ ܘܬܐܪܬܝܢ ܚܝܐ ܕܠܥܠܡ ܒܡܫܟܢܐ ܓܢܝܙܐ ܕܡܘܬܐ ܒܗܘܢ ܠܐ ܡܫܬܠܛ ","CC350D84703E069CD61DDFD65EEFB574","ܕܘܨܝ ܘܚܕܝ ܥܕܬ ܩܘܕܫܐ ܘܐܪܝܡܝ ܩܠܟܝ ܒܩܥܬܐ ܘܙܡܪܝ ܫܘܒܚܐ ܘܬܘܕܝܬܐ ܠܝܚܝܕܐ ܕܚܫ ܥܠ ܐܦܝܟܝ ܘܦܪܩ ܝܠܕܝܟܝ ܡܢ ܛܘܥܝܝ ܘܚܡܠ ܐܢܘܢ ܒܛܝܪܐ ܕܚܝܐ ܘܣܡ ܦܓܪܗ ܘܕܡܗ ܩܘܕܡܝܟܝ ܕܬܬܚܣܝܢ ܡܢ ܚܘܒܬܟܝ ܘܬܥܠܝܢ ܠܓܢܘܢܐ ܘܬܬܒܣܡܝܢ ܥܡܗ ܒܪܘܡܐ ܘܬܐܪܬܝܢ ܚܝܐ ܕܠܥܠܡ ܒܡܫܟܢܐ ܓܢܝܙܐ ܕܡܘܬܐ ܒܗܘܢ ܠܐ ܡܫܬܠܛ"
"3319","ܥܰܠ ܛܽܘܪ̈ܶܐ ܪ̈ܳܡܶܐ ܣܰܩܝ̄ ܠܶܟܝ̄ . ܥܺܕ̄ܬܳܐ ܘܰܙܡܰܪܝ̄ ܬܶܫܒܽܘܚܬܳܐ . ܠܚܰܬܢܳܐ ܕܰܫܩܰܠ ܡܶܢ ܐܰܦܰܝ̈ܟܝ̄ . ܬܰܚܦܺܝܬ ܚܶܫܟܳܐ ܕܰܦܬܰܟܪ̈ܶܐ . ܕܰܕܢܰܚ ܢܽܘܗܪܳܐ ܫܰܪܺܝܪܳܐ . ܘܰܐܡܠܶܟ ܒܰܐܪܥܳܐ ܘܰܥܪܰܩ ܚܶܫܽܘܟܳܐ . ܘܶܐܡܰܪܝ̄ ܠܳܗ̇ ܠܒܰܪ̄ܬ ܥܶܒܪ̈ܳܝܶܐ . ܕܩܳܡܶܬ ܡܶܟܺܝܠ ܘܰܠܥܳܠܰܡ . ܐܰܘܕܳܝ ܘܠܳܐ ܬܶܫ","true","ܥܠ ܛܘܪܐ ܪܡܐ ܣܩܝ ܠܟܝ ܥܕܬܐ ܘܙܡܪܝ ܬܫܒܘܚܬܐ ܠܚܬܢܐ ܕܫܩܠ ܡܢ ܐܦܝܟܝ ܬܚܦܝܬ ܚܫܟܐ ܕܦܬܟܪܐ ܕܕܢܚ ܢܘܗܪܐ ܫܪܝܪܐ ܘܐܡܠܟ ܒܐܪܥܐ ܘܥܪܩ ܚܫܘܟܐ ܘܐܡܪܝ ܠܗ ܠܒܪܬ ܥܒܪܝܐ ܕܩܡܬ ܡܟܝܠ ܘܠܥܠܡ ܐܘܕܝ ܘܠܐ ܬܫܠܝܢ ܕܪܒ ܗܘ̣ ܦܐܪܐ ܕܒܓܘܟܝ ܕܚܠܦ ܐܡܪܐ ܘܕܒܚܬܐ ܦܓܪܗ ܘܕܡܗ ܕܒܚ ܒܟܝ ܠܚܘܣܝܐ ܕܚܘܒܐ ","6F3A59D7E5376070A3EAA61D4F11547B","ܥܠ ܛܘܪܐ ܪܡܐ ܣܩܝ ܠܟܝ ܥܕܬܐ ܘܙܡܪܝ ܬܫܒܘܚܬܐ ܠܚܬܢܐ ܕܫܩܠ ܡܢ ܐܦܝܟܝ ܬܚܦܝܬ ܚܫܟܐ ܕܦܬܟܪܐ ܕܕܢܚ ܢܘܗܪܐ ܫܪܝܪܐ ܘܐܡܠܟ ܒܐܪܥܐ ܘܥܪܩ ܚܫܘܟܐ ܘܐܡܪܝ ܠܗ ܠܒܪܬ ܥܒܪܝܐ ܕܩܡܬ ܡܟܝܠ ܘܠܥܠܡ ܐܘܕܝ ܘܠܐ ܬܫܠܝܢ ܕܪܒ ܗܘ ܦܐܪܐ ܕܒܓܘܟܝ ܕܚܠܦ ܐܡܪܐ ܘܕܒܚܬܐ ܦܓܪܗ ܘܕܡܗ ܕܒܚ ܒܟܝ ܠܚܘܣܝܐ ܕܚܘܒܐ"
"3320","ܛܽܘܒܰܝܟܝ̄ ܐܳܦ ܠܶܟܝ̄ ܥܺܕܰܬ ܩܽܘܕܫܳܐ ܡܗܰܝܡܰܢܬܳܐ . ܕܗܳܐ ܡܰܬܩܰܢ ܒܶܟܝ̄ ܦܳܬܽܘܪܳܐ . ܦܰܓܪܶܗ ܘܰܕܡܶܗ ܕܰܡܫܺܝܚܳܐ . ܘܪ̈ܺܝܫܰܝ ܟܳܗ̈ܢܶܐ ܩܰܕܺܝ̈ܫܶܐ ܒܰܕܡܽܘܬܦܶܛܪܽܘܣ ܘܝܽܘܚܰܢܳܢ . ܘܟܶܗ̈ܢܶܐ ܒܛܽܘܦܣܳܐ ܕܡܰܠܰܐܟ̈ܶܐ ܕܰܟܪܺܝܟܺܝܢ ܠܡܰܕܒܰܚ ܩܽܘܕܫܳܐ . ܘܳܐܦ ܪܽܘܚܳܐ ܦܰܪܰܩܠܺܝܛܳܐ ܡܪܰܚܶܦ ܒܶܟܝ̄ ܘܰܡܩ","true","ܛܘܒܝܟܝ ܐܦ ܠܟܝ ܥܕܬ ܩܘܕܫܐ ܡܗܝܡܢܬܐ ܕܗܐ ܡܬܩܢ ܒܟܝ ܦܬܘܪܐ ܦܓܪܗ ܘܕܡܗ ܕܡܫܝܚܐ ܘܪܝܫܝ ܟܗܢܐ ܩܕܝܫܐ ܒܕܡܘܬܦܛܪܘܣ ܘܝܘܚܢܢ ܘܟܗܢܐ ܒܛܘܦܣܐ ܕܡܠܐܟܐ ܕܟܪܝܟܝܢ ܠܡܕܒܚ ܩܘܕܫܐ ܘܐܦ ܪܘܚܐ ܦܪܩܠܝܛܐ ܡܪܚܦ ܒܟܝ ܘܡܩܪܫ ܠܟܝ ","A83905AEE0D755CD5358B644D76DD37C","ܛܘܒܝܟܝ ܐܦ ܠܟܝ ܥܕܬ ܩܘܕܫܐ ܡܗܝܡܢܬܐ ܕܗܐ ܡܬܩܢ ܒܟܝ ܦܬܘܪܐ ܦܓܪܗ ܘܕܡܗ ܕܡܫܝܚܐ ܘܪܝܫܝ ܟܗܢܐ ܩܕܝܫܐ ܒܕܡܘܬܦܛܪܘܣ ܘܝܘܚܢܢ ܘܟܗܢܐ ܒܛܘܦܣܐ ܕܡܠܐܟܐ ܕܟܪܝܟܝܢ ܠܡܕܒܚ ܩܘܕܫܐ ܘܐܦ ܪܘܚܐ ܦܪܩܠܝܛܐ ܡܪܚܦ ܒܟܝ ܘܡܩܪܫ ܠܟܝ"
"3321","ܡܰܫܟܰܢ ܙܰܒܢܳܐ ܥܒܰܕ ܡܽܘܫܶܐ ܠܒܶܝܬ ܝܺܣܪܳܐܶܝܠ. ܘܣܳܡ ܒܶܗ ܡܰܕܒܚܳܐ ܠܚܽܘܣܳܝܳܐ . ܘܰܐܣܶܩ ܥܠܰܘܗ̄ܝ̄ ܝܰܩ̈ܕܶܐ ܫܰܠ̈ܡܶܐ . ܘܠܳܐ ܢܚܶܬ ܠܶܗ ܪܽܘܚܳܐ ܕܩܽܘܕܫܳܐ . ܕܰܡܪܰܚܶܦ ܥܰܠ ܕܶܒ̈ܚܳܬܶܗ . ܗܳܢܳܐ ܕܶܝܢ ܡܰܕܒܰܚ ܩܽܘܕܫܳܐ . ܕܶܐܫܬܰܡܰܗ ܒܰܝܬܶܗ ܕܡܳܪܝܳܐ . ܥܳܐܶܠ ܠܶܗ ܦܰܪܰܩܠܺܝܛܳܐ . ܘܰܡܪܰܚܶܦ ܥܰܠ ","true","ܡܫܟܢ ܙܒܢܐ ܥܒܕ ܡܘܫܐ ܠܒܝܬ ܝܣܪܐܝܠ ܘܣܡ ܒܗ ܡܕܒܚܐ ܠܚܘܣܝܐ ܘܐܣܩ ܥܠܘܗܝ ܝܩܕܐ ܫܠܡܐ ܘܠܐ ܢܚܬ ܠܗ ܪܘܚܐ ܕܩܘܕܫܐ ܕܡܪܚܦ ܥܠ ܕܒܚܬܗ ܗܢܐ ܕܝܢ ܡܕܒܚ ܩܘܕܫܐ ܕܐܫܬܡܗ ܒܝܬܗ ܕܡܪܝܐ ܥܐܠ ܠܗ ܦܪܩܠܝܛܐ ܘܡܪܚܦ ܥܠ ܩܘܪܒܢܘܗܝ ","12C004B8A15A29996EA765DF97B270BE","ܡܫܟܢ ܙܒܢܐ ܥܒܕ ܡܘܫܐ ܠܒܝܬ ܝܣܪܐܝܠ ܘܣܡ ܒܗ ܡܕܒܚܐ ܠܚܘܣܝܐ ܘܐܣܩ ܥܠܘܗܝ ܝܩܕܐ ܫܠܡܐ ܘܠܐ ܢܚܬ ܠܗ ܪܘܚܐ ܕܩܘܕܫܐ ܕܡܪܚܦ ܥܠ ܕܒܚܬܗ ܗܢܐ ܕܝܢ ܡܕܒܚ ܩܘܕܫܐ ܕܐܫܬܡܗ ܒܝܬܗ ܕܡܪܝܐ ܥܐܠ ܠܗ ܦܪܩܠܝܛܐ ܘܡܪܚܦ ܥܠ ܩܘܪܒܢܘܗܝ"
"3322","ܫܰܝܶܢ ܡܳܪܰܢ ܠܥܺܕ̄ܬܳܟ ܒܰܐܪܒܰܥ ܦܶܢ̈ܝܳܬܳܐ . ܘܒܰܛܶܠ ܡܶܢܳܗ̇ ܦܽܘ̈ܠܳܓܶܐ . ܘܚܶܪ̈ܝܳܢܶܐ ܘܣܶܕ̈ܩܶܐ ܒܺܝ̈ܫܶܐ . ܘܟܰܢܶܫ ܝܰܠ̈ܕܶܝܗ̇ ܠܓܰܘ ܥܽܘܒܳܗ̇ . ܒܗܰܝܡܳܢܽܘܬܳܐ ܕܰܫܪܳܪܳܐ . ܘܰܐܩܺܝܡ ܒܳܗ̇ ܪ̈ܳܥܰܘܳܬܳܐ . ܕܢܶܪܥܽܘܢܳܗ̇ ܐܰܝ̄ܟ ܨܶܒܝܳܢܳܟ . ܘܫܰܝܢܳܟ ܢܶܫܪܳܐ ܒܣܳܚܪ̈ܳܬܳܗ̇ . ܕܬܶܥܒܶܕ ܥܺܐܕ̈ܶܐ ܕܚ","true","ܫܝܢ ܡܪܢ ܠܥܕܬܟ ܒܐܪܒܥ ܦܢܝܬܐ ܘܒܛܠ ܡܢܗ ܦܘܠܓܐ ܘܚܪܝܢܐ ܘܣܕܩܐ ܒܝܫܐ ܘܟܢܫ ܝܠܕܝܗ ܠܓܘ ܥܘܒܗ ܒܗܝܡܢܘܬܐ ܕܫܪܪܐ ܘܐܩܝܡ ܒܗ ܪܥܘܬܐ ܕܢܪܥܘܢܗ ܐܝܟ ܨܒܝܢܟ ܘܫܝܢܟ ܢܫܪܐ ܒܣܚܪܬܗ ܕܬܥܒܕ ܥܐܕܐ ܕܚܕܘܬܐ ","4E739F47769DBE7FD886F5632BE559FF","ܫܝܢ ܡܪܢ ܠܥܕܬܟ ܒܐܪܒܥ ܦܢܝܬܐ ܘܒܛܠ ܡܢܗ ܦܘܠܓܐ ܘܚܪܝܢܐ ܘܣܕܩܐ ܒܝܫܐ ܘܟܢܫ ܝܠܕܝܗ ܠܓܘ ܥܘܒܗ ܒܗܝܡܢܘܬܐ ܕܫܪܪܐ ܘܐܩܝܡ ܒܗ ܪܥܘܬܐ ܕܢܪܥܘܢܗ ܐܝܟ ܨܒܝܢܟ ܘܫܝܢܟ ܢܫܪܐ ܒܣܚܪܬܗ ܕܬܥܒܕ ܥܐܕܐ ܕܚܕܘܬܐ"
"3323","ܕܽܘܨܝ̄ ܛܳܒ ܘܰܚܕܳܝ . ܥܺܕܰܬ ܩܽܘܕܫܳܐ ܡܗܰܝܡܰܢܬܳܐ . ܘܰܐܘܕܳܝ ܠܶܗ ܠܚܰܬܢܳܐ ܡܟܺܝܪܶܟܝ̄ . ܕܫܽܘܠܛܳܢܶܗ ܫܽܘܠܛܳܢ ܥܳܠܰܡ . ܘܡܰܠܟܽܘܬܶܗ ܠܳܐ ܡܶܫܬܰܪܝܳܐ . ܕܰܐܒܳܐ ܡܰܟܪܶܟܝ̄ ܠܺܝܚܺܝܕܶܗ . ܘܥܰܠ ܦܰܣܰܬ ܐܺܝܕܰܘ̈ܗ̄ܝ̄ ܪܰܫܡܶܟܝ̄ . ܘܠܳܐ ܡܶܬܬܙܺܝ̈ܥܳܢ ܫܶܬܶܐܣܰܝ̈ܟܝ̄ . ܘܡܰܕܒܰܚ ܩܽܘܕܫܳܐ ܡܰܬܩܰܢ ܒܶܟܝ̄","true","ܕܘܨܝ ܛܒ ܘܚܕܝ ܥܕܬ ܩܘܕܫܐ ܡܗܝܡܢܬܐ ܘܐܘܕܝ ܠܗ ܠܚܬܢܐ ܡܟܝܪܟܝ ܕܫܘܠܛܢܗ ܫܘܠܛܢ ܥܠܡ ܘܡܠܟܘܬܗ ܠܐ ܡܫܬܪܝܐ ܕܐܒܐ ܡܟܪܟܝ ܠܝܚܝܕܗ ܘܥܠ ܦܣܬ ܐܝܕܘܗܝ ܪܫܡܟܝ ܘܠܐ ܡܬܬܙܝܥܢ ܫܬܐܣܝܟܝ ܘܡܕܒܚ ܩܘܕܫܐ ܡܬܩܢ ܒܟܝ ܚܘܣܝܐ ܠܟܠܗܘܢ ܝܠܕܝܟܝ ","50FA39E328709EAAF536DB5761F5D360","ܕܘܨܝ ܛܒ ܘܚܕܝ ܥܕܬ ܩܘܕܫܐ ܡܗܝܡܢܬܐ ܘܐܘܕܝ ܠܗ ܠܚܬܢܐ ܡܟܝܪܟܝ ܕܫܘܠܛܢܗ ܫܘܠܛܢ ܥܠܡ ܘܡܠܟܘܬܗ ܠܐ ܡܫܬܪܝܐ ܕܐܒܐ ܡܟܪܟܝ ܠܝܚܝܕܗ ܘܥܠ ܦܣܬ ܐܝܕܘܗܝ ܪܫܡܟܝ ܘܠܐ ܡܬܬܙܝܥܢ ܫܬܐܣܝܟܝ ܘܡܕܒܚ ܩܘܕܫܐ ܡܬܩܢ ܒܟܝ ܚܘܣܝܐ ܠܟܠܗܘܢ ܝܠܕܝܟܝ"
"3324","ܐܰܘܕܳܝ ܥܺܕ̄ܬܳܐ ܒܰܙܡܺܝܪ̈ܳܬܶܟܝ̄ ܫܰܦܺܝܪ̈ܳܬܳܐ . ܘܩܰܪܶܒܝ̄ ܠܰܒܪܳܐ ܕܳܫ̈ܢܶܐ ܕܫܽܘܒܚܳܐ ܒܝܽܘܡ ܩܽܘܕܳܫܶܟܝ̄ ܀","true","ܐܘܕܝ ܥܕܬܐ ܒܙܡܝܪܬܟܝ ܫܦܝܪܬܐ ܘܩܪܒܝ ܠܒܪܐ ܕܫܢܐ ܕܫܘܒܚܐ ܒܝܘܡ ܩܘܕܫܟܝ ","19668A18BA19E0CB3D7A43BAEA197404","ܐܘܕܝ ܥܕܬܐ ܒܙܡܝܪܬܟܝ ܫܦܝܪܬܐ ܘܩܪܒܝ ܠܒܪܐ ܕܫܢܐ ܕܫܘܒܚܐ ܒܝܘܡ ܩܘܕܫܟܝ"
"3325","ܫܰܝܢܳܐ ܕܫܰܝܶܢ ܠܰܫ̈ܡܰܝܳܢܶܐ ܥܰܡ ܐܰܪ̈ܥܳܢܶܐ . ܫܰܝܶܢ ܠܥܺܕ̄ܬܳܟ ܘܢܰܛܰܪ ܝܰܠ̈ܕܶܝܗ̇ ܒܰܨܠܺܝܒ ܢܽܘܗܪܳܐ ܀","true","ܫܝܢܐ ܕܫܝܢ ܠܫܡܝܢܐ ܥܡ ܐܪܥܢܐ ܫܝܢ ܠܥܕܬܟ ܘܢܛܪ ܝܠܕܝܗ ܒܨܠܝܒ ܢܘܗܪܐ ","E59A6ED56D0A04FBFBB63EBD121AAB49","ܫܝܢܐ ܕܫܝܢ ܠܫܡܝܢܐ ܥܡ ܐܪܥܢܐ ܫܝܢ ܠܥܕܬܟ ܘܢܛܪ ܝܠܕܝܗ ܒܨܠܝܒ ܢܘܗܪܐ"
"3326","ܕܽܘܨܝ̄ ܘܶܐܬܪܰܡܪܰܡܝ̄ ܥܺܕܰܬ ܩܽܘܕܫܳܐ ܒܝܽܘܡ ܩܽܘܕܳܫܶܟܝ̄ . ܘܝܰܒܶܒܝ̄ ܘܰܙܡܰܪܝ̄ ܫܽܘܒܚܳܐ ܚܰܕܬܳܐ ܒܩܳܠܳܐ ܪܳܡܳܐ . ܫܰܒܰܚܝ̄ ܘܰܐܘܕܳܝ ܠܚܰܬܢܳܐ ܕܡܰܟܪܶܟܝ̄ ܒܰܙܩܺܝܦܺܘܬܶܗ . ܘܰܒܡܶܫܬܽܘܬܶܟܝ̄ ܚܰܕܺܝ ܠܰܐܪܥܳܐ ܐܳܦ ܠܰܫܡܰܝܳܐ ܀","true","ܕܘܨܝ ܘܐܬܪܡܪܡܝ ܥܕܬ ܩܘܕܫܐ ܒܝܘܡ ܩܘܕܫܟܝ ܘܝܒܒܝ ܘܙܡܪܝ ܫܘܒܚܐ ܚܕܬܐ ܒܩܠܐ ܪܡܐ ܫܒܚܝ ܘܐܘܕܝ ܠܚܬܢܐ ܕܡܟܪܟܝ ܒܙܩܝܦܘܬܗ ܘܒܡܫܬܘܬܟܝ ܚܕܝ ܠܐܪܥܐ ܐܦ ܠܫܡܝܐ ","575A91DBD21F5E68774868E2E1634637","ܕܘܨܝ ܘܐܬܪܡܪܡܝ ܥܕܬ ܩܘܕܫܐ ܒܝܘܡ ܩܘܕܫܟܝ ܘܝܒܒܝ ܘܙܡܪܝ ܫܘܒܚܐ ܚܕܬܐ ܒܩܠܐ ܪܡܐ ܫܒܚܝ ܘܐܘܕܝ ܠܚܬܢܐ ܕܡܟܪܟܝ ܒܙܩܝܦܘܬܗ ܘܒܡܫܬܘܬܟܝ ܚܕܝ ܠܐܪܥܐ ܐܦ ܠܫܡܝܐ"
"3327","ܛܽܘܒܰܝܟܝ̄ ܥܺܕ̄ܬܳܐ ܕܦܰܓܪܶܗ ܕܰܒܪܳܐ ܠܡܰܫܟܢܶܟܝ̄ ܒܰܣܶܡ . ܐܰܝ̄ܟ ܕܰܒܢܽܘܪܳܐ ܒܶܣ̈ܡܶܐ ܓ̈ܒܰܝܳܐ ܪܺܝܚܳܐ ܝܳܗܒܺܝܢ . ܛܽܘܒܰܝܟܝ̄ ܥܺܕ̄ܬܳܐ ܕܟܽܠ ܗܶܪ̈ܽܘܡܺܝܢ ܠܳܐ ܦܳܚܡܺܝܢ ܠܶܗ . ܠܗܰܘ̇ ܥܶܩܳܪܳܐ ܕܝܰܗ̄ܒ ܠܶܟܝ̄ ܢܰܦܫܶܗ ܕܰܫܡܰܝܳܢܰܐ ܗ̄ܘ̣ ܀","true","ܛܘܒܝܟܝ ܥܕܬܐ ܕܦܓܪܗ ܕܒܪܐ ܠܡܫܟܢܟܝ ܒܣܡ ܐܝܟ ܕܒܢܘܪܐ ܒܣܡܐ ܓܒܝܐ ܪܝܚܐ ܝܗܒܝܢ ܛܘܒܝܟܝ ܥܕܬܐ ܕܟܠ ܗܪܘܡܝܢ ܠܐ ܦܚܡܝܢ ܠܗ ܠܗܘ ܥܩܪܐ ܕܝܗܒ ܠܟܝ ܢܦܫܗ ܕܫܡܝܢܐ ܗܘ̣ ","442C16381C19A51A9D3A5BD63EE9A9D7","ܛܘܒܝܟܝ ܥܕܬܐ ܕܦܓܪܗ ܕܒܪܐ ܠܡܫܟܢܟܝ ܒܣܡ ܐܝܟ ܕܒܢܘܪܐ ܒܣܡܐ ܓܒܝܐ ܪܝܚܐ ܝܗܒܝܢ ܛܘܒܝܟܝ ܥܕܬܐ ܕܟܠ ܗܪܘܡܝܢ ܠܐ ܦܚܡܝܢ ܠܗ ܠܗܘ ܥܩܪܐ ܕܝܗܒ ܠܟܝ ܢܦܫܗ ܕܫܡܝܢܐ ܗܘ"
"3328","ܒܗܳܢܳܐ ܝܰܘܡܳܐ ܬܪܽܘܢܳܘܣ ܓܰܒܝܳܐ ܐܰܬܩܶܢ ܒܓܰܘܶܟܝ̄ . ܕܰܥܠܰܘܗ̄ܝ̄ ܢܶܬܬܢܺܝܚ ܦܰܓܪܶܗ ܘܰܕܡܶܗ ܩܰܕܺܝܫܳܐܺܝܬ . ܩܪܳܝ ܐܰܢ̄ܬܝ̄ ܠܰܒܢܰܝ̈ܟܝ̄ ܘܰܐܟܽܘܠܝ̄ ܘܰܐܫܬܳܝ ܐܳܦ ܐܶܬܒܰܣܰܡܝ̄ . ܘܗܰܒܝ̄ ܠܶܗ ܫܽܘܒܚܳܐ ܠܰܐܒܳܐ ܕܥܰܒܕܶܟܝ̄ ܟܰܠܬܳܐ ܠܰܒܪܶܗ ܀","true","ܒܗܢܐ ܝܘܡܐ ܬܪܘܢܘܣ ܓܒܝܐ ܐܬܩܢ ܒܓܘܟܝ ܕܥܠܘܗܝ ܢܬܬܢܝܚ ܦܓܪܗ ܘܕܡܗ ܩܕܝܫܐܝܬ ܩܪܝ ܐܢܬܝ ܠܒܢܝܟܝ ܘܐܟܘܠܝ ܘܐܫܬܝ ܐܦ ܐܬܒܣܡܝ ܘܗܒܝ ܠܗ ܫܘܒܚܐ ܠܐܒܐ ܕܥܒܕܟܝ ܟܠܬܐ ܠܒܪܗ ","462E17EB02B027A7280840C0ABB967C5","ܒܗܢܐ ܝܘܡܐ ܬܪܘܢܘܣ ܓܒܝܐ ܐܬܩܢ ܒܓܘܟܝ ܕܥܠܘܗܝ ܢܬܬܢܝܚ ܦܓܪܗ ܘܕܡܗ ܩܕܝܫܐܝܬ ܩܪܝ ܐܢܬܝ ܠܒܢܝܟܝ ܘܐܟܘܠܝ ܘܐܫܬܝ ܐܦ ܐܬܒܣܡܝ ܘܗܒܝ ܠܗ ܫܘܒܚܐ ܠܐܒܐ ܕܥܒܕܟܝ ܟܠܬܐ ܠܒܪܗ"
"3329","ܫܽܘܒܚܳܐ ܠܰܐܒܳܐ ܕܰܒܢܳܐ ܠܥܺܕ̄ܬܳܐ ܒܰܢܒܺܝܽܘܬܳܐ . ܘܣܶܓܕܬܳܐ ܠܰܒܪܳܐ ܕܫܰܟܠܶܠ ܣܳܡܳܗ̇ ܒܰܫܠܺܝܚܽܘܬܳܐ . ܬܰܘܕܺܝ ܠܪܽܘܚܳܐ ܕܗܰܕܪܳܗ̇ ܒܨܶܒ̈ܬܶܐ ܪ̈ܽܘܚܳܢܳܝܶܐ . ܚܰܕ ܗ̄ܘ̣ ܟܝܳܢܳܐ ܕܰܬܠܳܬܰܝ̈ܗܽܘܢ ܠܶܗ ܬܶܫܒܽܘܚܬܳܐ ܀","true","ܫܘܒܚܐ ܠܐܒܐ ܕܒܢܐ ܠܥܕܬܐ ܒܢܒܝܘܬܐ ܘܣܓܕܬܐ ܠܒܪܐ ܕܫܟܠܠ ܣܡܗ ܒܫܠܝܚܘܬܐ ܬܘܕܝ ܠܪܘܚܐ ܕܗܕܪܗ ܒܨܒܬܐ ܪܘܚܢܝܐ ܚܕ ܗܘ̣ ܟܝܢܐ ܕܬܠܬܝܗܘܢ ܠܗ ܬܫܒܘܚܬܐ ","3843BE0768416F306A4DCCDECA104D7F","ܫܘܒܚܐ ܠܐܒܐ ܕܒܢܐ ܠܥܕܬܐ ܒܢܒܝܘܬܐ ܘܣܓܕܬܐ ܠܒܪܐ ܕܫܟܠܠ ܣܡܗ ܒܫܠܝܚܘܬܐ ܬܘܕܝ ܠܪܘܚܐ ܕܗܕܪܗ ܒܨܒܬܐ ܪܘܚܢܝܐ ܚܕ ܗܘ ܟܝܢܐ ܕܬܠܬܝܗܘܢ ܠܗ ܬܫܒܘܚܬܐ"
"3330","ܫܰܝܢܳܐ ܕܫܰܝܶܢ ܠܰܫ̈ܡܰܝܳܢܶܐ ܥܰܡ ܐܰܪ̈ܥܳܢܶܐ ܀","true","ܫܝܢܐ ܕܫܝܢ ܠܫܡܝܢܐ ܥܡ ܐܪܥܢܐ ","749D7F5922F202C295E866641559F488","ܫܝܢܐ ܕܫܝܢ ܠܫܡܝܢܐ ܥܡ ܐܪܥܢܐ"
"3331","ܫܰܝܶܢ ܠܥܺܕ̄ܬܳܟ ܘܢܰܛܰܪ ܝܰܠ̈ܕܶܝܗ̇ ܒܰܨܠܺܝܒ ܢܽܘܗܪܳܐ ܀","true","ܫܝܢ ܠܥܕܬܟ ܘܢܛܪ ܝܠܕܝܗ ܒܨܠܝܒ ܢܘܗܪܐ ","652C883E8FA6D02FEC959144B6B2F9A9","ܫܝܢ ܠܥܕܬܟ ܘܢܛܪ ܝܠܕܝܗ ܒܨܠܝܒ ܢܘܗܪܐ"
"3332","ܗܰܠܶܠܽܘܝܰܗ ܘܗܰܠܶܠܽܘܝܰܗ ܘܗܰܠܶܠܽܘܝܰܗ . ܒܢܳܐ ܥܰܠ ܪܰܘܡܳܐ ܡܰܩܕܫܶܗ . ܘܰܐܬܩܢܶܗ ܒܰܐܪܥܳܐ ܠܥܳܠܰܡ . ܗܰܠܶܠܽܘܝܰܗ ܀","true","ܗܠܠܘܝܗ ܘܗܠܠܘܝܗ ܘܗܠܠܘܝܗ ܒܢܐ ܥܠ ܪܘܡܐ ܡܩܕܫܗ ܘܐܬܩܢܗ ܒܐܪܥܐ ܠܥܠܡ ܗܠܠܘܝܗ ","C9B9BBCA59613AC35D908C7A970EEC4B","ܗܠܠܘܝܗ ܘܗܠܠܘܝܗ ܘܗܠܠܘܝܗ ܒܢܐ ܥܠ ܪܘܡܐ ܡܩܕܫܗ ܘܐܬܩܢܗ ܒܐܪܥܐ ܠܥܠܡ ܗܠܠܘܝܗ"
"3333","ܡܳܪܰܢ ܐܶܬܪܰܚܰܡ ܥܠܰܝܢ . ܡܳܪܰܢ ܚܽܘܣ ܘܪܰܚܶܡ ܥܠܰܝܢ . ܡܳܪܰܢ ܩܰܒܶܠ ܬܶܫܡܶܫܬܰܢ ܘܰܨܠܰܘ̈ܳܬܰܢ . ܘܶܐܬܪܰܚܰܡ ܥܠܰܝܢ ܀","true","ܡܪܢ ܐܬܪܚܡ ܥܠܝܢ ܡܪܢ ܚܘܣ ܘܪܚܡ ܥܠܝܢ ܡܪܢ ܩܒܠ ܬܫܡܫܬܢ ܘܨܠܘܬܢ ܘܐܬܪܚܡ ܥܠܝܢ ","63C19F7592F569EB1D7EB6593C547F67","ܡܪܢ ܐܬܪܚܡ ܥܠܝܢ ܡܪܢ ܚܘܣ ܘܪܚܡ ܥܠܝܢ ܡܪܢ ܩܒܠ ܬܫܡܫܬܢ ܘܨܠܘܬܢ ܘܐܬܪܚܡ ܥܠܝܢ"
"3334","ܫܽܘܒܚܳܐ ܠܳܟ ܐܰܠܳܗܰܢ . ܫܽܘܒܚܳܐ ܠܳܟ ܒܳܪܽܘܝܰܢ . ܫܽܘܒܚܳܐ ܠܳܟ ܣܰܒܪܰܢ ܠܥܳܠܰܡ ܀","true","ܫܘܒܚܐ ܠܟ ܐܠܗܢ ܫܘܒܚܐ ܠܟ ܒܪܘܝܢ ܫܘܒܚܐ ܠܟ ܣܒܪܢ ܠܥܠܡ ","D2A306A9EF5219B7AF87BBE70BDAD73C","ܫܘܒܚܐ ܠܟ ܐܠܗܢ ܫܘܒܚܐ ܠܟ ܒܪܘܝܢ ܫܘܒܚܐ ܠܟ ܣܒܪܢ ܠܥܠܡ"
"3825","ܡܰܙܡܽܘܪܳܐ ܡܗ (45) : (ܐܰܒܰܥ ܠܶܒܝ̄ ܦܶܬܓܳܡ̈ܶܐ ܛܳܒ̈ܶܐ...)","false","ܡܙܡܘܪܐ ܡܗ (45) (ܐܒܥ ܠܒܝ ܦܬܓܡܐ ܛܒܐ)","3893586FF21A1DC07C0798019E43BD87","ܡܙܡܘܪܐ ܡܗ (45) (ܐܒܥ ܠܒܝ ܦܬܓܡܐ ܛܒܐ)"
"3826","ܡܰܙܡܽܘܪܳܐ ܡܚ (48) : (ܪܰܒ ܗܽܘ̣ ܡܳܪܰܢ ܘܰܡܫܰܒܰܚ ܪܰܘܪܒܳܐܺܝܬ...)","false","ܡܙܡܘܪܐ ܡܚ (48) (ܪܒ ܗܘ̣ ܡܪܢ ܘܡܫܒܚ ܪܘܪܒܐܝܬ)","C127FAD2D2F1AA9CFF644CCC9A1A0B61","ܡܙܡܘܪܐ ܡܚ (48) (ܪܒ ܗܘ ܡܪܢ ܘܡܫܒܚ ܪܘܪܒܐܝܬ)"
"3839","ܡܰܙܡܽܘܪܳܐ ܨܓ (93) : (ܡܳܪܝܳܐ ܐܰܡܠܶܟ ܘܓܰܐܝܽܘܬܳܐ ...)","false","ܡܙܡܘܪܐ ܨܓ (93) (ܡܪܝܐ ܐܡܠܟ ܘܓܐܝܘܬܐ )","1529F5D2239F0C207A9EB7A9403C3D09","ܡܙܡܘܪܐ ܨܓ (93) (ܡܪܝܐ ܐܡܠܟ ܘܓܐܝܘܬܐ )"
"3928","ܡܰܙܡܽܘܪܳܐ ܢܐ (51) : (ܪܰܚܶܡ ܥܠܰܝ ܐܰܠܳܗܳܐ ܐܰܝ̄ܟ ܛܰܝܒܽܘܬܳܟ ...)","false","ܡܙܡܘܪܐ ܢܐ (51) (ܪܚܡ ܥܠܝ ܐܠܗܐ ܐܝܟ ܛܝܒܘܬܟ )","E47938165A05EBACC78BCE43226F368C","ܡܙܡܘܪܐ ܢܐ (51) (ܪܚܡ ܥܠܝ ܐܠܗܐ ܐܝܟ ܛܝܒܘܬܟ )"
"4606","ܡܰܙܡܽܘܪܳܐ ܣܓ (63) : (ܐܰܠܳܗܝ̄ ܐܰܠܳܗܝ̄ . 	ܐܰܢ̄ܬ ܐܶܣܰܟܶܐ ܠܳܟ ...)","false","ܡܙܡܘܪܐ ܣܓ (63) (ܐܠܗܝ ܐܠܗܝ ܐܢܬ ܐܣܟܐ ܠܟ )","3F5CE53FB62BAA0DBDA0B45C9E7C8D5E","ܡܙܡܘܪܐ ܣܓ (63) (ܐܠܗܝ ܐܠܗܝ ܐܢܬ ܐܣܟܐ ܠܟ )"
"4614","ܡܰܙܡܽܘܪܳܐ ܝܛ (19) : (ܫ̈ܡܰܝܳܐ ܡܶܫܬܰܥܶܝܢ ܫܽܘܒܚܶܗ ܕܰܐܠܳܗܳܐ...)","false","ܡܙܡܘܪܐ ܝܛ (19) (ܫܡܝܐ ܡܫܬܥܝܢ ܫܘܒܚܗ ܕܐܠܗܐ)","0FE87FC2B77B466A7F247C37917BF3DD","ܡܙܡܘܪܐ ܝܛ (19) (ܫܡܝܐ ܡܫܬܥܝܢ ܫܘܒܚܗ ܕܐܠܗܐ)"
"4687","ܡܰܙܡܽܘܪܳܐ ܩܡ (140) : (ܡܳܪܝܳܐ ܩܪܺܝܬܳܟ ܐܰܢ̄ܬ ܥܢܺܝܢܝ̄...)","false","ܡܙܡܘܪܐ ܩܡ (140) (ܡܪܝܐ ܩܪܝܬܟ ܐܢܬ ܥܢܝܢܝ)","A4DC29CA216AF9733529BCD57FD5DF6B","ܡܙܡܘܪܐ ܩܡ (140) (ܡܪܝܐ ܩܪܝܬܟ ܐܢܬ ܥܢܝܢܝ)"
"4745","ܡܰܘܪܒܳܐ ܢܰܦܫܝ̄ : (ܐܶܡܪܰܬ ܡܰܪܝܰܡ ܡܰܘܪܒܳܐ ܢܰܦܫܝ̄ ܠܡܳܪܝܳܐ...)","false","ܡܘܪܒܐ ܢܦܫܝ (ܐܡܪܬ ܡܪܝܡ ܡܘܪܒܐ ܢܦܫܝ ܠܡܪܝܐ)","C3579A05C5C32022BAC037599E7893CB","ܡܘܪܒܐ ܢܦܫܝ (ܐܡܪܬ ܡܪܝܡ ܡܘܪܒܐ ܢܦܫܝ ܠܡܪܝܐ)"
"4746","ܡܰܙܡܽܘܪܳܐ ܩܡܚ (148) : (ܫܰܒܰܚܘ̄ ܠܡܳܪܝܳܐ ܡܶܢ ܫܡܰܝܳܐ...)","false","ܡܙܡܘܪܐ ܩܡܚ (148) (ܫܒܚܘ ܠܡܪܝܐ ܡܢ ܫܡܝܐ)","BB4E4D5A9B540CEEE286EFF49B0B3C97","ܡܙܡܘܪܐ ܩܡܚ (148) (ܫܒܚܘ ܠܡܪܝܐ ܡܢ ܫܡܝܐ)"
"4747","ܛܽܘ̈ܒܶܐ ܕܶܐܘܰܢܓܶܠܺܝܳܘܢ ܡܶܢ ܡܰܬܰܝ ܩܶܦܰܠܶܐܘܳܢ ܗ̄: (ܛܽܘܒܰܝܗܽܘܢ ܠܡܶܣ̈ܟܺܢܶܐ ܒܪܽܘܚ...)","false","ܛܘܒܐ ܕܐܘܢܓܠܝܘܢ ܡܢ ܡܬܝ ܩܦܠܐܘܢ ܗ (ܛܘܒܝܗܘܢ ܠܡܣܟܢܐ ܒܪܘܚ)","54B06E4E9693EF6F9CD378CA819F9BF5","ܛܘܒܐ ܕܐܘܢܓܠܝܘܢ ܡܢ ܡܬܝ ܩܦܠܐܘܢ ܗ (ܛܘܒܝܗܘܢ ܠܡܣܟܢܐ ܒܪܘܚ)"
"4969","ܡܰܙܡܽܘܪܳܐ ܩܡܐ (141) : (ܒܩܳܠܝ̄ ܠܡܳܪܝܳܐ ܩܪܺܝܬ ....)","false","ܡܙܡܘܪܐ ܩܡܐ (141) (ܒܩܠܝ ܠܡܪܝܐ ܩܪܝܬ )","2BAF0FF06E8C37ED4B5B3687C1D81C60","ܡܙܡܘܪܐ ܩܡܐ (141) (ܒܩܠܝ ܠܡܪܝܐ ܩܪܝܬ )"
"4970","ܡܰܙܡܽܘܪܳܐ ܩܝܚ (118) : (ܫܪܳܓܳܐ ܗ̄ܝ ܡܶܠܬܳܟ ܠܪ̈ܶܓܠܰܝ ....)","false","ܡܙܡܘܪܐ ܩܝܚ (118) (ܫܪܓܐ ܗܝ ܡܠܬܟ ܠܪܓܠܝ )","4A6FBC0D55956CA8B023C1DA4F9861E0","ܡܙܡܘܪܐ ܩܝܚ (118) (ܫܪܓܐ ܗܝ ܡܠܬܟ ܠܪܓܠܝ )"
"4971","ܡܰܙܡܽܘܪܳܐ ܩܝܘ (116) : (ܫܰܒܰܚܘ̄ ܠܡܳܪܝܳܐ ܟܽܠܟܽܘܢ ܥܰܡ̈ܡܶܐ ....)","false","ܡܙܡܘܪܐ ܩܝܘ (116) (ܫܒܚܘ ܠܡܪܝܐ ܟܠܟܘܢ ܥܡܡܐ )","B1541331E029CAB5E20AB31B8C217E1F","ܡܙܡܘܪܐ ܩܝܘ (116) (ܫܒܚܘ ܠܡܪܝܐ ܟܠܟܘܢ ܥܡܡܐ )"
"5124","ܡܰܙܡܽܘܪܳܐ ܩܡܛ (149) : (ܫܰܒܰܚܘ̄ ܠܡܳܪܝܳܐ ܬܶܫܒܽܘܚܬܳܐ ܚܕܰܬܳܐ...)","false","ܡܙܡܘܪܐ ܩܡܛ (149) (ܫܒܚܘ ܠܡܪܝܐ ܬܫܒܘܚܬܐ ܚܕܬܐ)","9BD1258176D38E459994D066C1849C78","ܡܙܡܘܪܐ ܩܡܛ (149) (ܫܒܚܘ ܠܡܪܝܐ ܬܫܒܘܚܬܐ ܚܕܬܐ)"
"5373","ܡܰܙܡܽܘܪܳܐ ܡܘ (46) : (ܐܰܠܳܗܰܢ ܒܶܝܬ ܓܰܘܣܰܢ ܥܰܫܺܝܢܳܐ...)","false","ܡܙܡܘܪܐ ܡܘ (46) (ܐܠܗܢ ܒܝܬ ܓܘܣܢ ܥܫܝܢܐ)","DB230B7398FE06193B95D59669E8778B","ܡܙܡܘܪܐ ܡܘ (46) (ܐܠܗܢ ܒܝܬ ܓܘܣܢ ܥܫܝܢܐ)"
"5374","ܡܰܙܡܽܘܪܳܐ ܦܐ (81) : (ܫܰܒܰܚܘ̄ ܠܰܐܠܳܗܳܐ ܡܥܰܫܢܳܢܰܢ...)","false","ܡܙܡܘܪܐ ܦܐ (81) (ܫܒܚܘ ܠܐܠܗܐ ܡܥܫܢܢܢ)","812B1689C1A0CA2EC053E313386F6404","ܡܙܡܘܪܐ ܦܐ (81) (ܫܒܚܘ ܠܐܠܗܐ ܡܥܫܢܢܢ)"
"6313","ܡܳܪܰܢ ܐܶܬܪܰܚܰܡ ܥܠܰܝܢ . ܒܗܳܢܳܐ ܥܺܐܕܳܐ ܩܰܕܺܝܫܳܐ .","true","ܡܪܢ ܐܬܪܚܡ ܥܠܝܢ ܒܗܢܐ ܥܐܕܐ ܩܕܝܫܐ","2A9624630A3BCCDEB33A8DB83D3F614A","ܡܪܢ ܐܬܪܚܡ ܥܠܝܢ ܒܗܢܐ ܥܐܕܐ ܩܕܝܫܐ"
"6314","ܘܰܒܗܰܘ̇ ܥܺܐܕܳܐ ܕܠܳܐ ܥܳܒܰܪ . ܐܰܩܺܝܡ ܠܰܢ ܡܶܢ ܝܰܡܺܝܢܳܟ ܀","true","ܘܒܗܘ ܥܐܕܐ ܕܠܐ ܥܒܪ ܐܩܝܡ ܠܢ ܡܢ ܝܡܝܢܟ","10FC34BFBAB64C07805DE27C3A393FF7","ܘܒܗܘ ܥܐܕܐ ܕܠܐ ܥܒܪ ܐܩܝܡ ܠܢ ܡܢ ܝܡܝܢܟ"
"6593","ܫܽܘܒܚܳܐ ܘܬܰܘܕܺܝܬܳܐ . ܘܣܶܓܕܬܳܐ ܘܪܰܒܽܘܬ ܝܳܐܝܽܘܬܳܐ ܢܶܫܬܘܶܐ ܕܢܰܣܶܩ . ܠܰܐܒܳܐ ܘܠܰܒܪܳܐ ܘܰܠܪܽܘܚܳܐ ܕܩܽܘܕܫܳܐ . ܚܰܕ ܐܰܠܳܗܳܐ ܫܰܪܺܝܪܳܐ ܕܠܶܗ ܬܶܫܒܽܘܚܬܳܐ ܀","true",,"69F705778617ED9C8198955936DBE216","ܫܘܒܚܐ ܘܬܘܕܝܬܐ ܘܣܓܕܬܐ ܘܪܒܘܬ ܝܐܝܘܬܐ ܢܫܬܘܐ ܕܢܣܩ ܠܐܒܐ ܘܠܒܪܐ ܘܠܪܘܚܐ ܕܩܘܕܫܐ ܚܕ ܐܠܗܐ ܫܪܝܪܐ ܕܠܗ ܬܫܒܘܚܬܐ"
"6650","ܒܩܽܘܕܳܫܶܟܝ̄ ܥܺܕܬܳܐ . ܚܳܕܶܝܢ ܒܶܗ ܫܡܰܝܳܐ ܘܰܐܪܥܳܐ . ܘܙܳܡܪܺܝܢ ܫܽܘܒܚܳܐ ܠܰܐܒܳܐ ܕܫܰܕܰܪ ܠܰܒܪܶܗ ܠܦܽܘܪܩܳܢܰܢ . ܘܠܶܗ ܬܶܫܒܽܘܚܬܳܐ ܒܳܪܘܝܳܐ ܕܟܽܠ ܒܶܪ̈ܝܳܬܳܐ ܀","true",,"C37C1B2BA0EA9596741A651A0460A703","ܒܩܘܕܫܟܝ ܥܕܬܐ ܚܕܝܢ ܒܗ ܫܡܝܐ ܘܐܪܥܐ ܘܙܡܪܝܢ ܫܘܒܚܐ ܠܐܒܐ ܕܫܕܪ ܠܒܪܗ ܠܦܘܪܩܢܢ ܘܠܗ ܬܫܒܘܚܬܐ ܒܪܘܝܐ ܕܟܠ ܒܪܝܬܐ"
"6651","ܚܰܬܢܳܐ ܫܡܰܝܳܢܳܐ . ܕܰܡܟܰܪ ܠܶܗ ܥܺܕܰܬ ܩܽܘܕܫܳܐ . ܘܦܰܪܩܳܗ̇ ܒܰܕܡܶܗ . ܘܶܐܫܬܰܘܕܺܝ ܠܶܗ ܚܰܝ̈ܶܐ ܘܡܰܠܟܽܘܬܳܐ . ܘܠܶܗ ܬܶܫܒܽܘܚܬܳܐ ܒܳܪܽܘܝܳܐ ܕܟܽܠ ܒܶܪ̈ܝܳܬܳܐ ܀","true",,"3F254D35BBC43C2BBB501B3FCAFC8DDA","ܚܬܢܐ ܫܡܝܢܐ ܕܡܟܪ ܠܗ ܥܕܬ ܩܘܕܫܐ ܘܦܪܩܗ ܒܕܡܗ ܘܐܫܬܘܕܝ ܠܗ ܚܝܐ ܘܡܠܟܘܬܐ ܘܠܗ ܬܫܒܘܚܬܐ ܒܪܘܝܐ ܕܟܠ ܒܪܝܬܐ"
"6653","ܡܽܘܫܶܐ ܒܛܽܘܪ ܣܺܝܢܰܝ ܐܶܬܦܰܩܰܕ ܡܶܢ ܐܰܠܳܗܳܐ ܕܰܢܩܰܕܶܫ ܗ̄ܘܳܐ . ܡܶܫܚܳܐ ܕܩܽܘܕܫܳܐ ܒܓܰܘ ܡܰܫܟܰܢ ܙܰܒܢܳܐ . ܘܰܪܫܰܡ ܠܥܺܕܬܳܐ . ܕܰܒܡܶܫܚܳܐ ܡܚܰܬܡܳܐ ܠܰܒܢܶܝ̈ܗ̇ ܀","true",,"22E8701CC16DC82967D82DD2F5D31DB2","ܡܘܫܐ ܒܛܘܪ ܣܝܢܝ ܐܬܦܩܕ ܡܢ ܐܠܗܐ ܕܢܩܕܫ ܗܘܐ ܡܫܚܐ ܕܩܘܕܫܐ ܒܓܘ ܡܫܟܢ ܙܒܢܐ ܘܪܫܡ ܠܥܕܬܐ ܕܒܡܫܚܐ ܡܚܬܡܐ ܠܒܢܝܗ"
"6654","ܡܽܘܪܳܘܢ ܡܣܰܦܩܳܐ ܫܡܳܟ ܩܪܳܬܳܟ ܥܺܕܬܳܐ ܐܳܘ ܡܫܺܝܚܳܐ . ܓܶܕܰܝܢܝ̄ ܡܳܪܝ̄ ܒܳܬܪܳܟ ܕܶܐܥܽܘܠ ܥܰܡܳܟ ܠܰܓܢܽܘܢܳܟ . ܘܶܐܚܕܶܐ ܘܶܐܪܘܰܙ ܒܳܟ . ܚܰܬܢܳܐ ܕܩܽܘܫܬܳܐ ܚܰܒܺܝܒܳܐ . ܠܪܺܝܚܳܐ ܕܒܶܣܡܳܢܰܝ̈ܟ ܘܰܕܗܶܪ̈ܽܘܡܰܝܟ ܪ̈ܺܫܳܝܶܐ . ܪ̈ܳܗܛܳܢ ܒܬܽܘ̈ܠܳܬܳܐ ܕܰܒܩܺܝܛܽܘܢܳܐ ܢܫܰܒ̈ܚܳܢܳܟ ܀","true",,"7340A9A4F2BB2C06781C745099909C05","ܡܘܪܘܢ ܡܣܦܩܐ ܫܡܟ ܩܪܬܟ ܥܕܬܐ ܐܘ ܡܫܝܚܐ ܓܕܝܢܝ ܡܪܝ ܒܬܪܟ ܕܐܥܘܠ ܥܡܟ ܠܓܢܘܢܟ ܘܐܚܕܐ ܘܐܪܘܙ ܒܟ ܚܬܢܐ ܕܩܘܫܬܐ ܚܒܝܒܐ ܠܪܝܚܐ ܕܒܣܡܢܝܟ ܘܕܗܪܘܡܝܟ ܪܫܝܐ ܪܗܛܢ ܒܬܘܠܬܐ ܕܒܩܝܛܘܢܐ ܢܫܒܚܢܟ"
"6655","ܛܽܘܒܰܝܟܝ̄ ܥܺܕܬܳܐ ܡܗܰܝܡܰܢܬܳܐ . ܡܟܺܝܪܬܶܗ ܕܚܰܬܢܳܐ ܫܡܰܝܳܢܳܐ . ܕܡܽܘܫܶܐ ܒܛܽܘܪ ܣܺܝܢܰܝ . ܚܙܳܟܝ̄ ܗ̄ܘܳܐ ܕܰܡܨܰܒܬܰܬܝ̄ . ܒܕܰܗܒܳܐ ܠܒܽܘܫܶܟܝ̄ ܡܰܦܪܰܓ ܗ̄ܘܳܐ ܡܰܣܟܺܢ̄ܬܳܐ ܕܰܐܡܠܶܟܬ . ܘܰܒܫܰܠܗܶܒܺܝܬܳܐ ܡܪܺܝܩܳܐ ܐܶܣـܛܠܳܐ ܕܰܡܥܰܛܦܰܬܝ̄ . ܙܳܥ ܡܽܘܫܶܐ ܕܰܚܙܳܐ ܫܽܘܦܪܶܟܝ̄ . ܘܶܐܬܕܰܡܰܪ ܕܰܟܡܳܐ ܪ","true",,"6E72F639731EE753B409E5D02ED87224","ܛܘܒܝܟܝ ܥܕܬܐ ܡܗܝܡܢܬܐ ܡܟܝܪܬܗ ܕܚܬܢܐ ܫܡܝܢܐ ܕܡܘܫܐ ܒܛܘܪ ܣܝܢܝ ܚܙܟܝ ܗܘܐ ܕܡܨܒܬܬܝ ܒܕܗܒܐ ܠܒܘܫܟܝ ܡܦܪܓ ܗܘܐ ܡܣܟܢܬܐ ܕܐܡܠܟܬ ܘܒܫܠܗܒܝܬܐ ܡܪܝܩܐ ܐܣـܛܠܐ ܕܡܥܛܦܬܝ ܙܥ ܡܘܫܐ ܕܚܙܐ ܫܘܦܪܟܝ ܘܐܬܕܡܪ ܕܟܡܐ ܪܓܝܓܬܝ ܘܢܚܬ ܘܥܒܕ ܐܟܘܬܟܝ ܡܫܟܢ ܙܒܢܐ ܥܒܘܪܐ ܒܛܠ ܡܫܟܢ ܙܒܢܐ ܘܐܢܬܝ ܥܕܬܐ ܢܨܚܬܝ"
"6656","ܫܽܘܒܚܳܐ ܠܶܗ ܠܒܰܪ ܐܰܠܳܗܳܐ . ܕܰܡـܟܰܪ ܠܶܗ ܥܺܕܰܬ ܩܽܘܕܫܳܐ . ܘܒܰܕܡܶܗ ܙܰܟܳܝܳܐ . ܦܶܪܢܺܝܬܳܐ ܟܬܰܒ ܠܳܗ̇ . ܘܰܩܒܰܥ ܒܳܗ̇ ܡܰܥܡܽܘܕܺܝܬܳܐ . ܟܰܪܣܳܐ ܩܺܕܺܝܫܬܳܐ . ܘܰܐܬܩܶܢ ܒܳܗ̇ ܡܰܕܒܰܚ ܩܽܘܕܫܳܐ . ܚܽܘܣܳܝܳܐ ܠܥܳܠܡܳܐ . ܘܣܳܡ ܒܳܗ̇ ܢܒܺܝ̈ܶܐ ܘܰܫ̈ܠܺܝܚܶܐ ܘܥܰܡܗܽܘܢ ܣܳܗ̈ܕܶܐ ܛܽܘܒܳܢ̈ܶܐ . ܘܝܰܗ̄ܒ ","true",,"BB7A535C2C889794FA2D8D96CA36D04E","ܫܘܒܚܐ ܠܗ ܠܒܪ ܐܠܗܐ ܕܡـܟܪ ܠܗ ܥܕܬ ܩܘܕܫܐ ܘܒܕܡܗ ܙܟܝܐ ܦܪܢܝܬܐ ܟܬܒ ܠܗ ܘܩܒܥ ܒܗ ܡܥܡܘܕܝܬܐ ܟܪܣܐ ܩܕܝܫܬܐ ܘܐܬܩܢ ܒܗ ܡܕܒܚ ܩܘܕܫܐ ܚܘܣܝܐ ܠܥܠܡܐ ܘܣܡ ܒܗ ܢܒܝܐ ܘܫܠܝܚܐ ܘܥܡܗܘܢ ܣܗܕܐ ܛܘܒܢܐ ܘܝܗܒ ܒܗ ܡܠܦܢܐ ܕܩܘܫܬܐ ܘܗܝܡܢܘܬܐ ܕܫܪܪܐ ܒܪܝܟ ܕܒܢܐ ܠܥܕܬܗ ܘܨܒܬܗ ܒܟܠ ܫܘܦܪܝܢ"
"6657","ܒܛܽܘܪܳܐ ܕܣܺܝܢܰܝ ܚܙܳܐ ܡܽܘܫܶܐ . ܠܥܺܕܰܬ ܩܽܘܕܫܳܐ ܟܰܕ ܒܰܢܝܳܐ . ܘܰܡܨܰܒܬܳܐ ܘܩܳܝܡܳܐ . ܒܕܶܡ̈ܘܳܬܳܐ ܕܟܽܠ ܓܢܶܣ . ܘܰܢܚܶܬ ܕܢܶܥܒܶܕ ܐܰܟܘܳܬܳܗ̇ ܐܰܝܟܰܢܳܐ ܕܶܐܬܦܩܶܕ . ܡܰܫܟܰܢ ܙܰܒܢܳܐ ܥܳܒܽܘܪܳܐ ܠܟܳܗ̈ܢܶܐ ܒܢܰܝ̈ ܐܰܗܪܽܘܢ . ܡܰܫܟܰܢ ܙܰܒܢܳܐ ܗܳܐ ܒܰܛܝܺܠ . ܘܥܺܕܬܳܐ ܙܳܡܪܳܐ ܬܶܫܒܽܘܚܬܳܐ ܘܝܰܠ̈ܕܶܝ","true",,"EA01F5B3944393EB25C35C1050BE9658","ܒܛܘܪܐ ܕܣܝܢܝ ܚܙܐ ܡܘܫܐ ܠܥܕܬ ܩܘܕܫܐ ܟܕ ܒܢܝܐ ܘܡܨܒܬܐ ܘܩܝܡܐ ܒܕܡܘܬܐ ܕܟܠ ܓܢܣ ܘܢܚܬ ܕܢܥܒܕ ܐܟܘܬܗ ܐܝܟܢܐ ܕܐܬܦܩܕ ܡܫܟܢ ܙܒܢܐ ܥܒܘܪܐ ܠܟܗܢܐ ܒܢܝ ܐܗܪܘܢ ܡܫܟܢ ܙܒܢܐ ܗܐ ܒܛܝܠ ܘܥܕܬܐ ܙܡܪܐ ܬܫܒܘܚܬܐ ܘܝܠܕܝܗ ܒܓܘܗ ܗܐ ܩܥܝܢ ܩܕܝܫ ܩܕܝܫ ܩܕܝܫܬ ܒܪܐ ܕܡܟܪ ܥܕܬܐ ܘܨܒܬܗ ܒܟܠ ܫܘܦܪܝܢ"
"6658","ܣܠܶܩ ܗ̄ܘܳܐ ܡܽܘܫܶܐ ܠܛܽܘܪܳܐ ܘܥܰܠ ܒܰܥܢܳܢܳܐ . ܘܒܶܝܬ ܥܰܪܦܶܠܳܐ ܚܙܳܐ ܬܰܡܳܢ ܥܺܕܬܳܐ ܟܰܕ ܒܰܢܝܳܐ . ܘܰܡܨܰܒܬܳܐ ܒܕܶܡ̈ܘܳܬܳܐ . ܘܰܓܠܺܝܦܺܝܢ ܒܳܗ̇ ܛܰܒ̈ܥܶܐ ܘܝܽܘܩ̈ܢܶܐ ܕܟܽܠ ܓܰܘ̈ܢܺܝܢ ܕܢܽܘܪܳܐ ܘܰܕܪܽܘܚܳܐ ܚܙܳܐ ܬܰܡܳܢ ܙܺܝܘܳܗ̇ ܕܡܶܬܢܰܒܪܰܫ . ܘܰܣܪ̈ܳܦܶܐ ܕܙܳܠܚܺܝܢ ܒܳܗ̇ ܩܽܘܕ̈ܫܶܐ . ܘܒܰܬܪܳܘܢܳܘܤ","true",,"38A3FAFB301A6CA431CEB253798A5ED1","ܣܠܩ ܗܘܐ ܡܘܫܐ ܠܛܘܪܐ ܘܥܠ ܒܥܢܢܐ ܘܒܝܬ ܥܪܦܠܐ ܚܙܐ ܬܡܢ ܥܕܬܐ ܟܕ ܒܢܝܐ ܘܡܨܒܬܐ ܒܕܡܘܬܐ ܘܓܠܝܦܝܢ ܒܗ ܛܒܥܐ ܘܝܘܩܢܐ ܕܟܠ ܓܘܢܝܢ ܕܢܘܪܐ ܘܕܪܘܚܐ ܚܙܐ ܬܡܢ ܙܝܘܗ ܕܡܬܢܒܪܫ ܘܣܪܦܐ ܕܙܠܚܝܢ ܒܗ ܩܘܕܫܐ ܘܒܬܪܘܢܘܤ ܕܩܪܘܣـܛܠܠܘܤ ܝܬܒܐ ܐܝܟ ܟܠܬܐ"
"6659","ܛܽܘܒܰܝܟܝ̄ ܥܺܕܬܳܐ ܡܗܰܝܡܰܢܬܳܐ ܡܟܺܝܪܬܶܗ ܕܰܒܪܳܐ . ܕܒܶܟܝ̄ ܐܶܬܦܰܫܰܩ̈ܝ̄ ܦ̈ܶܠܳܐܬܳܐ ܘܐ̄ܪ̈ܳܙܶܐ ܕܰܟܣܶܝܢ ܗ̄ܘܰܘ . ܨܳܪܶܟܝ̄ ܗ̄ܘܳܐ ܢܽܘܚ ܟܺܐܢܳܐ ܒܗܳܝ̇ ܟܶܐܘܳܠܳܐ . ܘܪܰܫܡܶܟܝ̄ ܝܰܥܩܽܘܒ ܙܰܕܺܝܩܳܐ ܒܟܺܐܦܳܐ ܗܳܝ̇ ܕܰܡܫܰܚ . ܚܙܳܟܝ̄ ܡܽܘܫܶܐ ܓܰܒܝܳܐ ܒܛܽܘܪ ܣܺܝܢܰܝ . ܘܰܒܥܰܝܢܳܐ ܕܪܽܘܚܳܐ ܐܶܫܰܥܝܳܐ","true",,"FD7F458C7343BE4C4FF515CBAF092B2A","ܛܘܒܝܟܝ ܥܕܬܐ ܡܗܝܡܢܬܐ ܡܟܝܪܬܗ ܕܒܪܐ ܕܒܟܝ ܐܬܦܫܩܝ ܦܠܐܬܐ ܘܐܪܙܐ ܕܟܣܝܢ ܗܘܘ ܨܪܟܝ ܗܘܐ ܢܘܚ ܟܐܢܐ ܒܗܝ ܟܐܘܠܐ ܘܪܫܡܟܝ ܝܥܩܘܒ ܙܕܝܩܐ ܒܟܐܦܐ ܗܝ ܕܡܫܚ ܚܙܟܝ ܡܘܫܐ ܓܒܝܐ ܒܛܘܪ ܣܝܢܝ ܘܒܥܝܢܐ ܕܪܘܚܐ ܐܫܥܝܐ ܘܡܫܝܚܐ ܫܡܠܝ ܐܪܙܝܟܝ ܒܕܡܐ ܕܡܢ ܕܦܢܗ"
"6660","ܐܶܢ ܩܰܝܣܳܐ ܘܟܶܬܳܢܳܐ ܘܪܽܘܚܳܐ ܕܙܰܒܢܳܐ ܡܕܰܒܪܺܝܢ ܠܳܗ̇ ܠܶܐܠܦܳܐ ܘܙܳܟܝܳܐ ܠܡܰܚܫܽܘ̈ܠܶܐ ܩܫܰܝ̈ܳܐ . ܟܡܳܐ ܢܢܰܛܪܽܘܢܳܗ̇ ܠܥܺܕܬܳܐ ܡܶܢ ܢܶܟܝܳܢ̈ܶܐ . ܐܰܒܳܐ ܘܰܒܪܳܐ ܘܪܽܘܚ ܩܽܘܕܫܳܐ ܬܠܳܬܳܐ ܕܚܰܕ ܐܶܢܽܘܢ . ܠܗܽܘܢ ܠܳܒܫܳܐ ܡܶܢ ܡܰܥܡܽܘܕܺܝܬܳܐ . ܠܗܽܘܢ ܣܳܓܕܳܐ ܒܓܰܘ ܡܰܕܒܰܚ ܩܽܘܕܫܳܐ . ܠܗܽܘܢ ܩܳܪܝܳ","true",,"8D3046C1D21A965C9461B7A00800D169","ܐܢ ܩܝܣܐ ܘܟܬܢܐ ܘܪܘܚܐ ܕܙܒܢܐ ܡܕܒܪܝܢ ܠܗ ܠܐܠܦܐ ܘܙܟܝܐ ܠܡܚܫܘܠܐ ܩܫܝܐ ܟܡܐ ܢܢܛܪܘܢܗ ܠܥܕܬܐ ܡܢ ܢܟܝܢܐ ܐܒܐ ܘܒܪܐ ܘܪܘܚ ܩܘܕܫܐ ܬܠܬܐ ܕܚܕ ܐܢܘܢ ܠܗܘܢ ܠܒܫܐ ܡܢ ܡܥܡܘܕܝܬܐ ܠܗܘܢ ܣܓܕܐ ܒܓܘ ܡܕܒܚ ܩܘܕܫܐ ܠܗܘܢ ܩܪܝܐ ܒܝܘܡ ܢܘܚܡܐ ܚܘܤ ܘܐܬܪܚܡ ܥܠܝܢ"
"6661","ܥܽܘܢܳܝܳܐ : ܫܽܘܒܚܳܐ ܠܛܳܒܳܐ ܕܰܒܢܳܗ̇ ܠܥܺܕܬܶܗ ܒܦܰܣܰܬ ܐܺܝܕܰܘ̈ܗ̄ܝ̄ ܀","true",,"4AD227E39A45FDD51D8CB49C223C88FC","ܥܘܢܝܐ ܫܘܒܚܐ ܠܛܒܐ ܕܒܢܗ ܠܥܕܬܗ ܒܦܣܬ ܐܝܕܘܗܝ"
"6662","ܐܶܕܢܶܟܝ̄ ܥܺܕܬܳܐ ܗܰܒ ܠܺܝ ܕܶܐܬܢܶܐ . ܐ̄ܪܳܙܳܐ ܕܰܐܝܬܺܝܬܝ̄ . ܒܓܰܙܶܟܝ̄ ܠܶܫܳܢܝ̄ . ܢܰܢܺܝܚ ܛܰܥܢܶܗ . ܕܶܐܕܢܶܟܝ̄ ܐܺܝܬܶܝܗ̇ ܠܡܺܐܢܳܐ ܕܐ̄ܪ̈ܳܙܶܐ . ܘܠܶܟܝ̄ ܗ̄ܘ̣ ܡܫܰܡܶܫ ܐܳܦ ܝܽܘܠܦܳܢܳܐ ܒܟܽܠ ܚܶܟ̈ܡܳܬܶܗ ܀","true",,"1A49A57605802B3D23B8B0B951AE55DD","ܐܕܢܟܝ ܥܕܬܐ ܗܒ ܠܝ ܕܐܬܢܐ ܐܪܙܐ ܕܐܝܬܝܬܝ ܒܓܙܟܝ ܠܫܢܝ ܢܢܝܚ ܛܥܢܗ ܕܐܕܢܟܝ ܐܝܬܝܗ ܠܡܐܢܐ ܕܐܪܙܐ ܘܠܟܝ ܗܘ ܡܫܡܫ ܐܦ ܝܘܠܦܢܐ ܒܟܠ ܚܟܡܬܗ"
"6663","ܟܽܠܗܽܘܢ ܣܳܦܪ̈ܶܐ . ܕܰܐܪܓܶܫܘ̄ ܥܺܕܬܳܐ ܕܰܦܬܰܚܬܝ̄ ܐܶܕܢܰܝ̈ܟܝ̄ . ܘܶܐܬܢܰܩܰܦܰܬ ܠܶܟܝ̄ ܗܰܝܡܳܢܽܘܬܳܐ . ܛܥܶܢܘ̄ ܝܽܘܠ̈ܦܳܢܶܐ ܘܰܪܗܶܛܘ̄ ܠܽܐܘܪܥܶܟܝ̄ . ܕܰܢܙܰܝܚܽܘܢܶܟܝ̄ . ܕܬܶܫܬܘܶܝܢ ܬܶܗܘܝܶܢ ܟܰܠܬܳܐ ܠܡܰܠܟܳܐ ܀","true",,"7BE9FD65FED5AE30F0C10F79EF01725C","ܟܠܗܘܢ ܣܦܪܐ ܕܐܪܓܫܘ ܥܕܬܐ ܕܦܬܚܬܝ ܐܕܢܝܟܝ ܘܐܬܢܩܦܬ ܠܟܝ ܗܝܡܢܘܬܐ ܛܥܢܘ ܝܘܠܦܢܐ ܘܪܗܛܘ ܠܐܘܪܥܟܝ ܕܢܙܝܚܘܢܟܝ ܕܬܫܬܘܝܢ ܬܗܘܝܢ ܟܠܬܐ ܠܡܠܟܐ"
"6664","ܐܰܘܕܳܝ ܥܺܕܬܳܐ ܕܗܳܐ ܐܶܬܳܐ ܠܶܟܝ̄ ܦܺܐܪܳܐ ܕܚܰܝ̈ܶܐ . ܠܰܘ ܐܰܝ̄ܟ ܦܺܐܪܳܐ ܕܩܶܛܦܰܬ ܚܰܘܳܐ . ܘܩܶܛܠܰܬ ܠܰܒܢܶܝ̈ܗ̇ ܟܰܕ ܐܶܟܰܠܬܶܗ . ܒܗܳܢܳܐ ܦܺܐܪܳܐ ܚܳܐܝܶܢ ܝܰܠ̈ܕܰܝܟܝ̄ ܐܳܘ ܡܗܰܝܡܰܢܬܳܐ ܀","true",,"945E47CFDAF82CB9ED28F53C4AE3C121","ܐܘܕܝ ܥܕܬܐ ܕܗܐ ܐܬܐ ܠܟܝ ܦܐܪܐ ܕܚܝܐ ܠܘ ܐܝܟ ܦܐܪܐ ܕܩܛܦܬ ܚܘܐ ܘܩܛܠܬ ܠܒܢܝܗ ܟܕ ܐܟܠܬܗ ܒܗܢܐ ܦܐܪܐ ܚܐܝܢ ܝܠܕܝܟܝ ܐܘ ܡܗܝܡܢܬܐ"
"6665","ܣܓܽܘܠܳܐ ܢܚܶܬ ܗ̄ܘܳܐ . ܠܚܽܘܪܒܳܐ ܕܢܰܝܬܶܐ ܠܒܰܪ̄ܬ ܐܰܒܪܳܗܳܡ . ܕܬܶܣܰܩܝ̄ ܬܺܐܪܰܬ ܐܰܪܥܳܐ ܕܰܟܢܰܥܢ . ܒܳܬܪܶܟܝ̄ ܐܶܬܳܐ ܣܓܽܘܠܳܐ ܕܪ̈ܰܚܡܶܐ . ܕܬܶܣܩܺܝܢ ܬܺܐܪܬܺܝܢ ܐܰܪܥܳܐ ܕܚܰܝ̈ܶܐ ܫܡܰܝܳܐ ܕܰܠܥܶܠ ܀","true",,"38C30F1AE2ACE779FB0036ABB1817D60","ܣܓܘܠܐ ܢܚܬ ܗܘܐ ܠܚܘܪܒܐ ܕܢܝܬܐ ܠܒܪܬ ܐܒܪܗܡ ܕܬܣܩܝ ܬܐܪܬ ܐܪܥܐ ܕܟܢܥܢ ܒܬܪܟܝ ܐܬܐ ܣܓܘܠܐ ܕܪܚܡܐ ܕܬܣܩܝܢ ܬܐܪܬܝܢ ܐܪܥܐ ܕܚܝܐ ܫܡܝܐ ܕܠܥܠ"
"6666","ܣܓܽܘܠܳܐ ܗܳܢܳܐ ܕܺܝܠܶܟܝ̄ ܥܺܕܬܳܐ ܫܰܝܢܳܐ ܠܘܶܐ ܠܶܗ . ܒܶܗ ܡܶܫܬܰܝܰܢ ܒܰܝܬܶܟܝ̄ ܪܰܒܳܐ . ܒܗܳܢܳܐ ܝܳܪܬܰܬܝ̄ ܐܰܪܥܳܐ ܕܚܰܝ̈ܶܐ . ܕܡܶܢܳܗ̇ ܐܶܬܳܐ ܐܰܝ̄ܟ ܐܺܝܙܓܰܕܳܐ ܕܢܶܓܕܶܟܝ̄ ܠܰܐܬܪܶܗ ܀","true",,"F915272196D529D78D79F970A9637F54","ܣܓܘܠܐ ܗܢܐ ܕܝܠܟܝ ܥܕܬܐ ܫܝܢܐ ܠܘܐ ܠܗ ܒܗ ܡܫܬܝܢ ܒܝܬܟܝ ܪܒܐ ܒܗܢܐ ܝܪܬܬܝ ܐܪܥܐ ܕܚܝܐ ܕܡܢܗ ܐܬܐ ܐܝܟ ܐܝܙܓܕܐ ܕܢܓܕܟܝ ܠܐܬܪܗ"
"6667","ܥܽܘܢܳܝܳܐ : ܐܰܫܪܳܐ ܡܳܪܝ̄ ܫܰܝܢܳܟ ܒܥܺܕܬܳܐ ܩܰܕܺܝܫܬܳܐ . ܘܰܬܒܽܘܪ ܒܰܕܪ̈ܳܥܰܝܟ . ܠܟܽܠܗܽܘܢ ܣܳܩܽܘܪ̈ܶܝܗ̇","true",,"AA30D84CA3551550AFB1DE43CF27C644","ܥܘܢܝܐ ܐܫܪܐ ܡܪܝ ܫܝܢܟ ܒܥܕܬܐ ܩܕܝܫܬܐ ܘܬܒܘܪ ܒܕܪܥܝܟ ܠܟܠܗܘܢ ܣܩܘܪܝܗ"
"6668","ܐܰܣܪܰܚ ܠܟܽܘܢ ܐܰܚܰܝ̈ ܡܶܠܬܳܐ ܕܒܽܘܝܳܐܳܐ . ܡܶܢ ܣܺܝܡܬܶܗ ܕܡܳܪܰܢ ܕܥܰܠ ܥܺܕܬܶܗ ܡܰܠܶܠ . ܕܠܳܐ ܠܰܡ ܡܨܶܝܢ ܡܽܘ̈ܟܠܶܐ ܕܰܫܝܽܘܠ ܕܢܰܟܽܘܢܳܗ̇ . ܐܶܢ ܟܺܝܬ ܚܰܣܺܝܢܳܐ ܗ̄ܝ̣ ܡܶܢ ܫܝܽܘܠ . ܡܰܢ ܡܶܢ ܡܳܝܽܘ̈ܬܶܐ ܡܶܫܟܰܚ ܡܰܗܶܠ ܒܳܗ̇ . ܒܪܺܝܟ ܕܰܐܘܪܒܳܗ̇ ܘܰܗܦܰܟ ܢܰܣܝܳܗ̇ ܕܬܽܘܒ ܬܺܐܪܰܒ ܀","true",,"05F41AD055D14D1D435783E680B23E39","ܐܣܪܚ ܠܟܘܢ ܐܚܝ ܡܠܬܐ ܕܒܘܝܐܐ ܡܢ ܣܝܡܬܗ ܕܡܪܢ ܕܥܠ ܥܕܬܗ ܡܠܠ ܕܠܐ ܠܡ ܡܨܝܢ ܡܘܟܠܐ ܕܫܝܘܠ ܕܢܟܘܢܗ ܐܢ ܟܝܬ ܚܣܝܢܐ ܗܝ ܡܢ ܫܝܘܠ ܡܢ ܡܢ ܡܝܘܬܐ ܡܫܟܚ ܡܗܠ ܒܗ ܒܪܝܟ ܕܐܘܪܒܗ ܘܗܦܟ ܢܣܝܗ ܕܬܘܒ ܬܐܪܒ"
"6669","ܐܶܣܬܰܡܟܘ̄ ܥܰܠ ܩܽܘܫܬܳܐ ܘܠܳܐ ܬܶܕܚܠܽܘܢ ܐܰܚܰܝ̈ . ܠܳܐ ܓܶܝܪ ܥܬܺܝܕ ܡܳܪܰܢ ܕܢܰܪܦܶܝܢ ܒܢܶܣܝܽܘ̈ܢܶܐ . ܚܰܝܠܰܐ ܗ̄ܘ̣ ܕܒܶܗ ܬܰܠܝܳܐ ܒܪܺܝܬܳܐ ܘܥܳܡܽܘܪ̈ܶܝܗ̇ . ܘܒܶܗ ܗܽܘ̣ ܬܠܶܐ ܣܰܒܪܳܐ ܕܥܺܕܬܶܗ . ܡܰܢܽܘ ܡܨܶܐ ܠܡܶܦܣܰܩ ܫܶܪ̈ܫܰܘܗ̄ܝ̄ ܫܡܰܝܳܢ̈ܶܐ . ܒܪܺܝܟ ܕܰܢܚܶܬ ܚܰܝܠܶܗ ܘܶܐܬܡܰܙܰܓ ܒܥܺܕܬܶܗ ܀","true",,"25FEAD419316F15EA3AF73E1B923CAA1","ܐܣܬܡܟܘ ܥܠ ܩܘܫܬܐ ܘܠܐ ܬܕܚܠܘܢ ܐܚܝ ܠܐ ܓܝܪ ܥܬܝܕ ܡܪܢ ܕܢܪܦܝܢ ܒܢܣܝܘܢܐ ܚܝܠܐ ܗܘ ܕܒܗ ܬܠܝܐ ܒܪܝܬܐ ܘܥܡܘܪܝܗ ܘܒܗ ܗܘ ܬܠܐ ܣܒܪܐ ܕܥܕܬܗ ܡܢܘ ܡܨܐ ܠܡܦܣܩ ܫܪܫܘܗܝ ܫܡܝܢܐ ܒܪܝܟ ܕܢܚܬ ܚܝܠܗ ܘܐܬܡܙܓ ܒܥܕܬܗ"
"6670","ܦܫܽܘܛܘ̄ ܟܺܝܬ ܐܺܝܕܰܝܟܽܘ̈ܢ ܨܶܝܕ ܣܰܘܟܬܳܐ ܕܩܽܘܫܬܳܐ . ܕܪ̈ܳܥܶܐ ܕܓܰܢ̄ܒܳܪ̈ܶܐ ܦܰܫܚܰܬ ܘܠܳܐ ܟܰܦܽܘܗ̇ . ܗܺܝ̣ ܐܰܪܟܢܰܬ ܪܰܘܡܳܗ̇ ܘܢܶܚܬܰܬ ܠܰܐܓܽܘܢܳܐ . ܒܶܚܪܰܬ ܠܰܫܪܳܪܳܐ ܕܒܶܗ ܬܠܶܝܢ . ܘܰܢܬܰܪܘ̄ ܢܦܰܠܘ̄ ܐܰܝܠܶܝܢ ܕܰܒܥܶܠܬܳܐ ܬܠܶܝܢ ܗ̄ܘܰܘ . ܒܪܺܝܟܽܘ ܕܡܰܚܶܬ ܠܳܗ̇ ܕܬܶܣܰܩ ܒܢܶܨܚܳܢ̈ܶܐ ܀","true",,"1023419542A36F879CEC05C7D6C358D2","ܦܫܘܛܘ ܟܝܬ ܐܝܕܝܟܘܢ ܨܝܕ ܣܘܟܬܐ ܕܩܘܫܬܐ ܕܪܥܐ ܕܓܢܒܪܐ ܦܫܚܬ ܘܠܐ ܟܦܘܗ ܗܝ ܐܪܟܢܬ ܪܘܡܗ ܘܢܚܬܬ ܠܐܓܘܢܐ ܒܚܪܬ ܠܫܪܪܐ ܕܒܗ ܬܠܝܢ ܘܢܬܪܘ ܢܦܠܘ ܐܝܠܝܢ ܕܒܥܠܬܐ ܬܠܝܢ ܗܘܘ ܒܪܝܟܘ ܕܡܚܬ ܠܗ ܕܬܣܩ ܒܢܨܚܢܐ"
"6671","ܝܶܫܽܘܥ ܐܰܪܟܶܢ ܠܰܢ ܪܶܚܡܬܳܟ ܕܢܶܐܚܽܘܕ ܒܳܗ̇ . ܗܳܝ̇ ܣܰܘܟܬܳܐ ܕܦܺܐܪ̈ܶܝܗ̇ ܐܰܪܟܢܰܬ ܠܛܳܠܽܘܡ̈ܶܐ . ܘܰܐܟܠܽܘܗ̇ ܣܒܰܥܘ̄ ܘܰܗܦܰܟܘ̄ ܨܰܥܪܽܘܗ̇ ܘܶܐܬܪܰܟܢܰܬ . ܥܕܰܡܳܐ ܠܘܳܬ ܐܳܕܳܡ ܠܓܰܘ ܫܝܽܘܠ . ܣܶܠܩܰܬ ܘܰܐܣܶܩܬܶܗ . ܘܥܰܡܳܗ̇ ܦܢܳܐ ܠܰܥܕܶܢ . ܒܪܺܝܟܽܘ ܕܰܐܪܟܢܳܗ̇ ܨܶܐܕܰܝܢ ܕܢܶܐܚܽܘܕ ܘܢܶܣܰܩ ܒܳܗ̇ ܀","true",,"FCF7A884EED4A640B98B4A96CEB44548","ܝܫܘܥ ܐܪܟܢ ܠܢ ܪܚܡܬܟ ܕܢܐܚܘܕ ܒܗ ܗܝ ܣܘܟܬܐ ܕܦܐܪܝܗ ܐܪܟܢܬ ܠܛܠܘܡܐ ܘܐܟܠܘܗ ܣܒܥܘ ܘܗܦܟܘ ܨܥܪܘܗ ܘܐܬܪܟܢܬ ܥܕܡܐ ܠܘܬ ܐܕܡ ܠܓܘ ܫܝܘܠ ܣܠܩܬ ܘܐܣܩܬܗ ܘܥܡܗ ܦܢܐ ܠܥܕܢ ܒܪܝܟܘ ܕܐܪܟܢܗ ܨܐܕܝܢ ܕܢܐܚܘܕ ܘܢܣܩ ܒܗ"
"6672","ܢܨܰܒ ܗܰܝܟܰܠ ܩܽܘܕܫܳܐ . ܒܢܳܐ ܥܺܕܬܳܐ ܦܺܐܝܬܳܐ ܒܡܰܕܒܰܚ ܩܽܘܪܒܳܢܳܐ ܛܰܒܥܶܗ ܠܦܽܘܩܕܳܢܳܐ . ܚܰܕܺܝ ܘܠܳܐ ܣܒܰܥܘ̄ ܗ̄ܘܰܘ . ܙܰܗܰܪ ܘܠܳܐ ܕܚܶܠܘ̄ ܗ̄ܘܰܘ . ܒܓܰܘ ܥܺܕܬܳܐ ܩܰܒܥܳܗ̇ ܠܡܶܠܬܳܐ . ܡܚܰܕܝܰܬ ܒܡܽܘܠ̈ܟܳܢܶܐ ܡܕܰܚܠܰܬ ܒܠܽܘܚܳܡ̈ܶܐ . ܕܒܳـܣܶܐ ܥܠܶܝܗ̇ ܐܳܒܶܕ . ܕܒܳܗ̇ ܡܶܙܕܗܰܪ ܚܳܝܶܐ ܀","true",,"779C71F68B6ED9646A5B5EC26052D77A","ܢܨܒ ܗܝܟܠ ܩܘܕܫܐ ܒܢܐ ܥܕܬܐ ܦܐܝܬܐ ܒܡܕܒܚ ܩܘܪܒܢܐ ܛܒܥܗ ܠܦܘܩܕܢܐ ܚܕܝ ܘܠܐ ܣܒܥܘ ܗܘܘ ܙܗܪ ܘܠܐ ܕܚܠܘ ܗܘܘ ܒܓܘ ܥܕܬܐ ܩܒܥܗ ܠܡܠܬܐ ܡܚܕܝܬ ܒܡܘܠܟܢܐ ܡܕܚܠܬ ܒܠܘܚܡܐ ܕܒـܣܐ ܥܠܝܗ ܐܒܕ ܕܒܗ ܡܙܕܗܪ ܚܝܐ"
"6673","ܥܽܘܢܳܝܳܐ : ܒܪܺܝܟ ܕܰܐܘܪܶܒ ܥܺܕܬܶܗ ܒܟܽܠ ܦܶܢ̈ܝܳܢ . ܘܣܳܡ ܗ̄ܘܳܐ ܒܳܗ̇ ܦܰܓܪܶܗ ܠܚܽܘܣܳܝܳܐ","true",,"86C7FB70522F144DAD24E25D24D2F585","ܥܘܢܝܐ ܒܪܝܟ ܕܐܘܪܒ ܥܕܬܗ ܒܟܠ ܦܢܝܢ ܘܣܡ ܗܘܐ ܒܗ ܦܓܪܗ ܠܚܘܣܝܐ"
"6674","ܐܶܣܰܩ ܡܳܪܝ̄ ܠܕܶܩܠܳܐ ܕܦ̈ܶܠܳܐܬܳܟ ܘܰܐܝ̄ܟ ܝܰܘܢܳܐ ܐܶܚܽܘܕ ܒܣܰܘ̈ܟܳܬܶܗ . ܘܶܐܬܥܰܠܶܐ ܠܪܰܘܡܳܟ ܐܰܝ̄ܟ ܣܺܝܢܰܝ . ܘܰܐܝ̄ܟ ܡܽܘܫܶܐ ܐܶܡܬܽܘܚ ܙܰܠܺܝܩܰܝ̈ . ܠܳܐ ܢܶܟܠܶܝܢܝ̄ ܩܳܠܳܟ . ܕܶܐܥܽܘܠ ܠܰܓܢܽܘܢܳܟ . ܘܰܐܝ̄ܟ ܚܰܝܽܘܬܳܐ ܫܺܝܛܬܳܐ . ܐܶܦܘܽܫ ܬܚܶܝܬ ܛܽܘܪܳܟ . ܐܰܝ̄ܟ ܟܰܠܬܳܐ ܣܳܘܚܳܢ ܠܦܰܪܨܽܘܦܳܟ . ","true",,"B676C43AF7B4FA467DFBAF2BA9884A44","ܐܣܩ ܡܪܝ ܠܕܩܠܐ ܕܦܠܐܬܟ ܘܐܝܟ ܝܘܢܐ ܐܚܘܕ ܒܣܘܟܬܗ ܘܐܬܥܠܐ ܠܪܘܡܟ ܐܝܟ ܣܝܢܝ ܘܐܝܟ ܡܘܫܐ ܐܡܬܘܚ ܙܠܝܩܝ ܠܐ ܢܟܠܝܢܝ ܩܠܟ ܕܐܥܘܠ ܠܓܢܘܢܟ ܘܐܝܟ ܚܝܘܬܐ ܫܝܛܬܐ ܐܦܘܫ ܬܚܝܬ ܛܘܪܟ ܐܝܟ ܟܠܬܐ ܣܘܚܢ ܠܦܪܨܘܦܟ ܐܥܠܝܢܝ ܡܠܟܐ ܠܩܝܛܘܢܟ"
"6675","ܓܠܺܝ ܐܰܦܰܝ̈ܟ ܡܽܘܫܶܐ ܬܪܰܝܳܢܳܐ . ܘܰܐܦܨܰܚ ܠܰܢ ܒܕܶܢܚܶܗ ܕܒܰܪ ܐܰܡܽܘܨ . ܡܰܒܽܘܥܳܟ ܢܶܦܽܘܩ ܠܘܳܬ ܣܳܛܺܝܡ . ܘܰܐܪܽܘܢܳܟ ܢܶܚܽܘܬ ܠܘܳܬ ܫܽܘܫܰܢ . ܨܗܶܐ ܠܗܽܘܢ ܒܰܪ ܐܺܝܫܰܝ . ܠܡܰܝ̈ܳܐ ܕܒܶܝܬ ܠܚܶܡ . ܐܰܝ̄ܟ ܪܰܦܩܳܐ ܠܺܐܝܣܚܳܩ . ܐܳܬܽܘܪ ܡܣܰܟܝܳܐ ܠܳܟ . ܘܰܐܝ̄ܟ ܙܰܒܢܳܐ ܕܢܺܝܣܳܢ ܥܰܠ ܐܰܪܥܳܐ . ܐܰܦܨ","true",,"E8B6BD5D5C2C553CF257B921093C593A","ܓܠܝ ܐܦܝܟ ܡܘܫܐ ܬܪܝܢܐ ܘܐܦܨܚ ܠܢ ܒܕܢܚܗ ܕܒܪ ܐܡܘܨ ܡܒܘܥܟ ܢܦܘܩ ܠܘܬ ܣܛܝܡ ܘܐܪܘܢܟ ܢܚܘܬ ܠܘܬ ܫܘܫܢ ܨܗܐ ܠܗܘܢ ܒܪ ܐܝܫܝ ܠܡܝܐ ܕܒܝܬ ܠܚܡ ܐܝܟ ܪܦܩܐ ܠܐܝܣܚܩ ܐܬܘܪ ܡܣܟܝܐ ܠܟ ܘܐܝܟ ܙܒܢܐ ܕܢܝܣܢ ܥܠ ܐܪܥܐ ܐܦܨܚܝܗ ܠܥܕܬܟ ܒܥܕܥܕܝܟ"
"6676","ܗܳܐ ܕܳܕܝ̄ ܐܰܢ̄ܬ ܕܰܓܒܶܐ ܡܶܢ ܕܳܕ̈ܶܐ . ܘܥܰܠܗܳܕܶܐ ܪ̈ܰܚܡܳܟ ܥܠܰܝܡ̈ܳܬܳܐ . ܚܰܬܢܳܐ ܐܰܢ̄ܬ ܕܰܟܣܶܝܬ ܘܠܳܐ ܝܺܕܺܝܥ ܐܰܢ̄ܬ . ܒܰܕܡܽܘܬ ܡܰܘ̈ܗ̄ܝ̄ ܕܗܰܘ̇ ܒܰܝܬܳܐ ܪܰܒܳܐ . ܐܰܫܡܰܥ ܒܰܪ̄ܬ ܩܳܠܳܟ . ܠܥܺܕܬܳܐ ܕܨܰܗܝܳܐ ܠܳܟ . ܘܢܺܐܬܘܽܢ ܡܶܢ ܢܰܚܠܳܟ . ܟܽܠܗܽܘܢ ܒܢܰܝ̈ ܥܰܡܳܟ . ܠܰܪܓܶܠܬܳܐ ܕܬܰܪܥܽܘܗ̇ ܦܫ","true",,"A89E5E09AEEE29D22ACDF971C231A2F3","ܗܐ ܕܕܝ ܐܢܬ ܕܓܒܐ ܡܢ ܕܕܐ ܘܥܠܗܕܐ ܪܚܡܟ ܥܠܝܡܬܐ ܚܬܢܐ ܐܢܬ ܕܟܣܝܬ ܘܠܐ ܝܕܝܥ ܐܢܬ ܒܕܡܘܬ ܡܘܗܝ ܕܗܘ ܒܝܬܐ ܪܒܐ ܐܫܡܥ ܒܪܬ ܩܠܟ ܠܥܕܬܐ ܕܨܗܝܐ ܠܟ ܘܢܐܬܘܢ ܡܢ ܢܚܠܟ ܟܠܗܘܢ ܒܢܝ ܥܡܟ ܠܪܓܠܬܐ ܕܬܪܥܘܗ ܦܫܝܛܐܝܬ ܘܐܝܠܢܝܢ ܢܦܪܥܘܢ ܒܦܪܨܘܦܟ"
"6677","ܝܰܘܢܳܐ ܐܰܢ̄ܬܝ̄ ܕܦܳܪܚܳܐ ܒܺܐܝܡܳܡܳܐ . ܘܡܳܐ ܕܦܶܪܚܰܬ ܫܶܟܢܰܬ ܒܛܶܠ̈ܳܠܶܐ . ܫܰܦܺܝܪܰܬܝ̄ ܩܰܪܺܝܒܬܝ̄ ܘܒܰܣܺܝܡܰܬܝ̄ . ܘܟܽܠ ܚܰܠܒܳܐ ܘܕܶܒܫܳܐ ܒܣܶܦ̈ܘܳܬܶܟܝ̄ . ܚܰܡܪܳܐ ܡܠܶܐ ܦܽܘܡܶܟܝ̄ . ܡܶܫܚܳܐ ܡܙܺܝܓ ܒܰܐܦܰܝ̈ܟܝ̄ . ܢܰܗܺܝܪ ܫܦܶܐ ܓܰܘܢܶܟܝ̈ . ܕܳܠܶܩ ܡܪܺܝܩ ܨܶܡܚܶܟܝ̄ . ܛܳܒ ܨܰܘܪܶܟܝ̄ ܒܥܶܩ̈ܶܐ ܘܒ","true",,"FF4274FAF4F8804E8C5DF27CBB2CF010","ܝܘܢܐ ܐܢܬܝ ܕܦܪܚܐ ܒܐܝܡܡܐ ܘܡܐ ܕܦܪܚܬ ܫܟܢܬ ܒܛܠܠܐ ܫܦܝܪܬܝ ܩܪܝܒܬܝ ܘܒܣܝܡܬܝ ܘܟܠ ܚܠܒܐ ܘܕܒܫܐ ܒܣܦܘܬܟܝ ܚܡܪܐ ܡܠܐ ܦܘܡܟܝ ܡܫܚܐ ܡܙܝܓ ܒܐܦܝܟܝ ܢܗܝܪ ܫܦܐ ܓܘܢܟܝ ܕܠܩ ܡܪܝܩ ܨܡܚܟܝ ܛܒ ܨܘܪܟܝ ܒܥܩܐ ܘܒܙܠܝܚܐ ܘܩܕܠܟܝ ܘܦܟܝܟܝ ܒܓܕܘܠܐ"
"6678","ܚܰܬܢܳܐ ܫܒܺܝܚܳܐ ܘܩܰܕܺܝܫܳܐ . ܕܪܰܡܪܶܡ ܥܺܕܬܶܗ ܒܰܒܪܺܝܬܳܐ . ܩܰܕܶܫܰܝܢ ܒܪܽܘܚܳܐ ܕܩܽܘܕܫܳܐ . ܕܢܶܙܡܰܪ ܫܽܘܒܚܳܐ ܠܡܳܪܽܘܬܳܟ ܀","true",,"886E21178044AF4D5C0ED7E4D4DBDBB2","ܚܬܢܐ ܫܒܝܚܐ ܘܩܕܝܫܐ ܕܪܡܪܡ ܥܕܬܗ ܒܒܪܝܬܐ ܩܕܫܝܢ ܒܪܘܚܐ ܕܩܘܕܫܐ ܕܢܙܡܪ ܫܘܒܚܐ ܠܡܪܘܬܟ"
"6679","ܥܺܕܰܬ ܩܽܘܕܫܳܐ ܡܗܰܝܡܰܢܬܳܐ . ܡܟܺܝܪܬܶܗ ܕܚܰܬܢܳܐ ܫܡܰܝܳܢܳܐ . ܙܡܰܪܝ̄ ܠܶܗ ܫܽܘܒܚܳܐ ܘܬܰܘܕܺܝܬܳܐ . ܠܰܡܫܺܝܚܳܐ ܕܰܐܫܠܛܶܟܝ̄ ܥܰܠ ܟܽܠ ܀","true",,"FB8D306A15853BF178B3FF6503AD3BE8","ܥܕܬ ܩܘܕܫܐ ܡܗܝܡܢܬܐ ܡܟܝܪܬܗ ܕܚܬܢܐ ܫܡܝܢܐ ܙܡܪܝ ܠܗ ܫܘܒܚܐ ܘܬܘܕܝܬܐ ܠܡܫܝܚܐ ܕܐܫܠܛܟܝ ܥܠ ܟܠ"
"6680","ܐܳܘ ܥܺܕܬܳܐ ܟܰܢܶܫܝ̄ ܝܰܠ̈ܕܰܝܟܝ̄ . ܕܨܳܕܺܝܬܳܐ ܗ̄ܘܰܝܬܝ̄ ܡܶܢ ܠܽܘܩܕܰܡ . ܘܗܳܫܳܐ ܕܰܣܓܺܝܘ ܠܗܽܘܢ ܝܰܠ̈ܕܰܝܟܝ̄ . ܩܽܘܡܝ̄ ܐܶܬܢܰܦܰܨܝ̄ ܡܶܢ ܥܰܦܪܳܐ ܀","true",,"558086F1E83663A584260C75A9CAA095","ܐܘ ܥܕܬܐ ܟܢܫܝ ܝܠܕܝܟܝ ܕܨܕܝܬܐ ܗܘܝܬܝ ܡܢ ܠܘܩܕܡ ܘܗܫܐ ܕܣܓܝܘ ܠܗܘܢ ܝܠܕܝܟܝ ܩܘܡܝ ܐܬܢܦܨܝ ܡܢ ܥܦܪܐ"
"6681","ܕܶܢܚܳܐ ܕܫܶܡܫܳܐ ܠܐ ܬܶܒܥܶܝܢ . ܕܕܶܢܚܗ ܕܡܳܪܟܝ̄ ܡܰܢܗܰܪ ܠܶܟܝ̄ . ܘܗܳܐ ܪܳܕܶܝܢ ܒܶܟܝ̄ ܡܰܒܽܘ̈ܥܶܐ . ܕܡܰܝ̈ܳܐ ܚܰܝ̈ܶܐ ܕܦܽܘܪܩܳܢܳܐ ܀","true",,"EDAB304A0FAE30D504D11C603031F93E","ܕܢܚܐ ܕܫܡܫܐ ܠܐ ܬܒܥܝܢ ܕܕܢܚܗ ܕܡܪܟܝ ܡܢܗܪ ܠܟܝ ܘܗܐ ܪܕܝܢ ܒܟܝ ܡܒܘܥܐ ܕܡܝܐ ܚܝܐ ܕܦܘܪܩܢܐ"
"6682","ܡܶܫܬܽܘܬܳܐ ܕܬܶܗܪܳܐ ܥܒܰܕ ܠܳܗ̇ . ܚܰܬܢܳܐ ܡܫܺܝܚܳܐ ܠܥܺܕܬܳܐ ܡܟܺܝܪܬܶܗ . ܘܰܓܢܽܘܢܳܐ ܒܪܰܘܡܳܐ ܢܩܰܫ ܠܳܗ̇ . ܘܙܰܡܶܢ ܥܰܡ̈ܡܶܐ ܠܰܚܠܽܘܠܳܗ̇ . ܣܳܦܪ̈ܶܐ ܬܪܶܥܣܰܪ ܐܰܘܬܶܒ ܒܳܗ̇ . ܘܫܰܒܥܺܝܢ ܘܰܬܪܶܝܢ ܩܳܪ̈ܽܘܝܶܐ . ܘܕܰܘܺܝܕ ܒܰܪܐ ܐܺܝܫܰܝ . ܛܥܺܝܢ ܩܺܝܬܳܪܶܗ ܘܙܳܡܰܪ ܒܳܗ̇ ܀","true",,"8D168B1099B0CEDF39D70C6CD27AA1F9","ܡܫܬܘܬܐ ܕܬܗܪܐ ܥܒܕ ܠܗ ܚܬܢܐ ܡܫܝܚܐ ܠܥܕܬܐ ܡܟܝܪܬܗ ܘܓܢܘܢܐ ܒܪܘܡܐ ܢܩܫ ܠܗ ܘܙܡܢ ܥܡܡܐ ܠܚܠܘܠܗ ܣܦܪܐ ܬܪܥܣܪ ܐܘܬܒ ܒܗ ܘܫܒܥܝܢ ܘܬܪܝܢ ܩܪܘܝܐ ܘܕܘܝܕ ܒܪܐ ܐܝܫܝ ܛܥܝܢ ܩܝܬܪܗ ܘܙܡܪ ܒܗ"
"6683","ܢܒܺܝܳܐ ܐܶܡܰܪ ܠܳܗ̇ ܠܥܺܕܬܳܐ . ܕܰܦܬܰܚܝ̄ ܬܰܪ̈ܥܰܝܟܝ̄ ܘܰܐܪܘܰܚܝ̄ ܡܰܫܟܢܰܝ̈ܟܝ̄ . ܕܗܳܐ ܡܟܺܝܪܶܟܝ̄ ܡܳܪܶܟܝ̄ ܐܳܬܶܐ . ܘܗܳܘܶܐ ܕܶܒܚܳܐ ܥܰܠ ܡܰܕܒܚܳܐ . ܘܰܡܩܺܝܡ ܒܶܟܝ̄ ܫܰܠܺܝܛܳܢ̈ܶܐ . ܘܕܰܪ̈ܓܶܐ ܫܒܺܝ̈ܚܶܐ ܕܟܳܗܢܽܘܬܳܐ . ܕܡܳܐ ܕܨܰܠܺܝܘ ܒܰܐܪܥܳܐ . ܢܗܶܐ ܨܶܒܝܳܢܗܽܘܢ ܒܰܫܡܰܝܳܐ ܀","true",,"94AC587E856F250AD5A7C40388F4163F","ܢܒܝܐ ܐܡܪ ܠܗ ܠܥܕܬܐ ܕܦܬܚܝ ܬܪܥܝܟܝ ܘܐܪܘܚܝ ܡܫܟܢܝܟܝ ܕܗܐ ܡܟܝܪܟܝ ܡܪܟܝ ܐܬܐ ܘܗܘܐ ܕܒܚܐ ܥܠ ܡܕܒܚܐ ܘܡܩܝܡ ܒܟܝ ܫܠܝܛܢܐ ܘܕܪܓܐ ܫܒܝܚܐ ܕܟܗܢܘܬܐ ܕܡܐ ܕܨܠܝܘ ܒܐܪܥܐ ܢܗܐ ܨܒܝܢܗܘܢ ܒܫܡܝܐ"
"6684","ܬܰܘܕܶܐ ܥܺܕܬܳܐ ܥܰܡ ܝܰܠ̈ܕܶܝܗ̇ . ܠܰܒܪܳܐ ܡܫܺܝܚܳܐ ܕܶܐܬܳܐ ܘܡܰܟܪܳܗ̇ . ܘܰܐܫܠܶܡ ܢܰܦܫܶܗ ܒܨܶܒܝܳܢܶܗ . ܒܺܐܝ̈ܕܰܝ ܥܰܡܳܐ ܛܳܠܽܘܡܳܐ . ܘܰܐܣܶܩܘ̄ ܨܰܠܒܽܘܗ̄ܝ ܥܰܠ ܩܰܝܣܳܐ . ܠܗܰܘ̇ ܕܝܰܗ̄ܒ ܦܰܓܪܶܗ ܩܰܕܺܝܫܳܐ . ܘܰܕܡܶܗ ܝܰܩܺܝܪܳܐ . ܠܥܰܡ̈ܡܶܐ ܒܪ̈ܺܝܟܶܐ ܕܗܰܝܡܶܢܘ̄ ܒܶܗ ܀","true",,"6E9A617585BAE1ADC8453EB47A5C756D","ܬܘܕܐ ܥܕܬܐ ܥܡ ܝܠܕܝܗ ܠܒܪܐ ܡܫܝܚܐ ܕܐܬܐ ܘܡܟܪܗ ܘܐܫܠܡ ܢܦܫܗ ܒܨܒܝܢܗ ܒܐܝܕܝ ܥܡܐ ܛܠܘܡܐ ܘܐܣܩܘ ܨܠܒܘܗܝ ܥܠ ܩܝܣܐ ܠܗܘ ܕܝܗܒ ܦܓܪܗ ܩܕܝܫܐ ܘܕܡܗ ܝܩܝܪܐ ܠܥܡܡܐ ܒܪܝܟܐ ܕܗܝܡܢܘ ܒܗ"
"6685","ܥܰܠ ܛܽܘܪ̈ܶܐ ܪ̈ܳܡܶܐ ܣܰܩܝ̄ ܠܶܟܝ̄ . ܥܺܕܰܬ ܩܽܘܕܫܳܐ ܘܬܶܫܒܽܘܚܬܳܐ ܙܡܰܪܝ̄ . ܘܰܚܙܳܝ ܕܰܠܪܰܘܡܳܐ ܘܥܽܘܡܩܳܐ . ܡܬܺܝܚ ܫܽܘܠܛܳܢܳܐ ܕܝܰܗ̄ܒ ܠܶܟܝ̄ ܡܳܪܝܳܐ . ܡܰܠ̈ܟܶܐ ܘܟܽܠܗܽܘܢ ܕܰܝܳܢ̈ܶܐ . ܥܳܐܠܺܝܢ ܘܣܳܓܕܺܝܢ ܩܕܳܡ ܪ̈ܶܓܠܰܝܟܝ̄ . ܕܝܳܕܥܺܝܢ ܕܰܫܪܶܐ ܒܶܟܝ̄ . ܡܰܠܟܳܐ ܩܳܛܰܪ ܬܳܓܰܝ̈ܗܽܘܢ ܀","true",,"E6D8236A2338073058FC02ECA5BC955C","ܥܠ ܛܘܪܐ ܪܡܐ ܣܩܝ ܠܟܝ ܥܕܬ ܩܘܕܫܐ ܘܬܫܒܘܚܬܐ ܙܡܪܝ ܘܚܙܝ ܕܠܪܘܡܐ ܘܥܘܡܩܐ ܡܬܝܚ ܫܘܠܛܢܐ ܕܝܗܒ ܠܟܝ ܡܪܝܐ ܡܠܟܐ ܘܟܠܗܘܢ ܕܝܢܐ ܥܐܠܝܢ ܘܣܓܕܝܢ ܩܕܡ ܪܓܠܝܟܝ ܕܝܕܥܝܢ ܕܫܪܐ ܒܟܝ ܡܠܟܐ ܩܛܪ ܬܓܝܗܘܢ"
"6686","ܥܺܕܬܳܐ ܡܫܰܒܚܳܐ ܘܳܐܡܪܳܐ . ܕܠܳܐ ܕܳܚܠܳܐ ܐ̄ܢܳܐ ܡܶܢ ܒܺܝܫܳܐ . ܕܫܽܘܪ̈ܶܐ ܪ̈ܳܡܶܐ ܟܪܺܝܟܺܝܢ ܠܺܝ ܘܰܐܠܳܗܳܐ ܒܺܝ ܫܪܶܐ . ܡܰܕܒܰܚ ܩܽܘܕܫܳܐ ܡܰܬܩܰܢ ܒܺܝ . ܘܓܰܪ̈ܡܶܐ ܕܣܳܗ̈ܕܶܐ ܣܺܝܡܺܝܢ ܒܺܝ . ܘܰܨܠܺܝܒܳܐ ܕܣܳܓܕܳܐ ܐ̄ܢܳܐ ܠܶܗ . ܗܽܘܝܽܘ ܡܢܰܛܪ ܠܺܝ ܀","true",,"93C668B1B4183D73778BB8C1AE70F515","ܥܕܬܐ ܡܫܒܚܐ ܘܐܡܪܐ ܕܠܐ ܕܚܠܐ ܐܢܐ ܡܢ ܒܝܫܐ ܕܫܘܪܐ ܪܡܐ ܟܪܝܟܝܢ ܠܝ ܘܐܠܗܐ ܒܝ ܫܪܐ ܡܕܒܚ ܩܘܕܫܐ ܡܬܩܢ ܒܝ ܘܓܪܡܐ ܕܣܗܕܐ ܣܝܡܝܢ ܒܝ ܘܨܠܝܒܐ ܕܣܓܕܐ ܐܢܐ ܠܗ ܗܘܝܘ ܡܢܛܪ ܠܝ"
"6687","ܠܶܟܝ̄ ܥܺܕܬܳܐ ܚܙܳܐ ܗ̄ܘܳܐ ܫܠܶܝܡܽܘܢ . ܗܰܘ̇ ܝܰܡܳܐ ܡܠܶܐ ܚܶܟ̈ܡܳܬܳܐ . ܘܰܩܪܳܐ ܒܡܰܬܠܰܘ̈ܗ̄ܝ̄ ܕܰܢܫܰܐܶܠ ܠܪܽܘܚܳܐ ܕܒܶܗ ܡܰܠܶܠ . ܕܡܰܢ ܗܺܝ̣ ܗܳܕܶܐ ܕܚܶܘܳܪ̈ܶܝܗ̇ . ܕܗܳܐ ܣܠܶܩܬ ܡܶܢ ܡܰܣܚܽܘܬܳܐ . ܟܰܕ ܡܶܣܬܰܡܟܳܐ ܬܟܺܝܠܳܐܺܝܬ . ܒܥܽܘܫܢܳܐ ܥܰܠ ܕܳܕܳܗ̇ ܀","true",,"E304FED1052F9C9E2C1E41B3F96814D7","ܠܟܝ ܥܕܬܐ ܚܙܐ ܗܘܐ ܫܠܝܡܘܢ ܗܘ ܝܡܐ ܡܠܐ ܚܟܡܬܐ ܘܩܪܐ ܒܡܬܠܘܗܝ ܕܢܫܐܠ ܠܪܘܚܐ ܕܒܗ ܡܠܠ ܕܡܢ ܗܝ ܗܕܐ ܕܚܘܪܝܗ ܕܗܐ ܣܠܩܬ ܡܢ ܡܣܚܘܬܐ ܟܕ ܡܣܬܡܟܐ ܬܟܝܠܐܝܬ ܒܥܘܫܢܐ ܥܠ ܕܕܗ"
"6688","ܬܪܶܝܢ ܬܕܰܝܟ̈ܝ̄ ܕܰܥܠܰܝܗܽܘܢ ܡܰܠܶܠ . ܕܕܳܡܶܝܢ ܠܥܽܘܙܰܝܠܳܐ ܕܰܐܝܠܳܐ . ܬܰܪ̈ܬܶܝܢ ܐܶܢܶܝܢ ܕܺܝܰܬܺܝܩܽܘ̈ܣ . ܕܣܺܝ̈ܡܳܢ ܠܣܳܗܕܽܘܬܳܐ . ܡܶܢ ܬܕܰܝ̈ܳܐ ܕܝܳܠܳܕ̈ܳܬܳܐ . ܚܰܠܒܳܐ ܝܳܢܩܺܝܢ ܝܰܠܽܘܕ̈ܶܐ . ܘܡܶܢ ܬܕܰܝܟ̈ܝ̄ ܟܽܠ ܥܰܡ̈ܡܺܝܢ ܝܳܢܩܺܝܢ ܚܰܝ̈ܶܐ ܕܰܠܥܳܠܰܡ ܀","true",,"6CB1D0A8DD01E566F768C2389F52B826","ܬܪܝܢ ܬܕܝܟܝ ܕܥܠܝܗܘܢ ܡܠܠ ܕܕܡܝܢ ܠܥܘܙܝܠܐ ܕܐܝܠܐ ܬܪܬܝܢ ܐܢܝܢ ܕܝܬܝܩܘܣ ܕܣܝܡܢ ܠܣܗܕܘܬܐ ܡܢ ܬܕܝܐ ܕܝܠܕܬܐ ܚܠܒܐ ܝܢܩܝܢ ܝܠܘܕܐ ܘܡܢ ܬܕܝܟܝ ܟܠ ܥܡܡܝܢ ܝܢܩܝܢ ܚܝܐ ܕܠܥܠܡ"
"6689","ܥܽܘܢܳܝܳܐ : ܒܪܺܝܟ ܕܰܡܟܰܪ ܡܶܢ ܓܰܘ ܡܰܝ̈ܳܐ . ܠܥܺܕܰܬ ܩܽܘܕܫܳܐ ܡܗܰܝܡܰܢܬܳܐ ܀","true",,"9402E974F2B4CEA5570EC630327BF9C2","ܥܘܢܝܐ ܒܪܝܟ ܕܡܟܪ ܡܢ ܓܘ ܡܝܐ ܠܥܕܬ ܩܘܕܫܐ ܡܗܝܡܢܬܐ"
"6690","ܒܬܽܘܠܬܳܐ ܡܟܺܝܪܰܬ ܠܰܫ̈ܠܺܝܚܶܐ . ܟܰܠܬܳܐ ܕܰܐܟܪܶܙ ܝܽܘܚܰܢܳܢ . ܡܫܰܘܚܰܕܬܳܐ ܕܰܫܒܺܝܩܳܐ ܗ̄ܘܳܬ . ܗܘܰܘ ܠܳܗ̇ ܡܰܠ̈ܟܶܐ ܡܪ̈ܰܒܝܳܢܶܐ ܀","true",,"B03494A6DB86177FA907F045DCBA0BD6","ܒܬܘܠܬܐ ܡܟܝܪܬ ܠܫܠܝܚܐ ܟܠܬܐ ܕܐܟܪܙ ܝܘܚܢܢ ܡܫܘܚܕܬܐ ܕܫܒܝܩܐ ܗܘܬ ܗܘܘ ܠܗ ܡܠܟܐ ܡܪܒܝܢܐ"
"6691","ܓܠܳܝ ܬܰܚܦܺܝܬܳܐ ܡܶܢ ܐܰܦܰܝ̈ܟܝ̄ . ܘܰܚܕܳܝ ܒܰܒܢܰܝ̈ܟܝ̄ ܓܰܕܽܘ̈ܕܶܐ . ܘܶܐܬܪܰܡܪܰܡܝ̄ ܒܰܒܬܽܘܠܳܬܶܟ̈ܝ̄ . ܕܫܽܘܒܚܳܐ ܙܳܡܪ̈ܳܢ ܒܶܟܝ̄ ܟܽܠ ܝܽܘܡ ܀","true",,"C3C2A2144C9715FB8B6DC6D42DE2F945","ܓܠܝ ܬܚܦܝܬܐ ܡܢ ܐܦܝܟܝ ܘܚܕܝ ܒܒܢܝܟܝ ܓܕܘܕܐ ܘܐܬܪܡܪܡܝ ܒܒܬܘܠܬܟܝ ܕܫܘܒܚܐ ܙܡܪܢ ܒܟܝ ܟܠ ܝܘܡ"
"6692","ܠܦܽܘܬܩܳܐ ܕܰܡܝܶܟܝ̄ ܦܳܪܽܘܩܰܢ . ܕܰܗܘܰܝܬܝ̄ ܠܰܟܪ̈ܺܝܗܶܐ ܠܡܺܐܢܳܐ . ܕܥܳܐܠܺܝܢ ܠܶܟܝ̄ ܟܽܠ ܡܶܣܟܺܢ̈ܶܐ . ܘܥܳܬܪܺܝܢ ܡܶܢܶܟܝ̄ ܒܟܽܠ ܛܽܘܒܺܝ̈ܢ ܀","true",,"D461F5C5FBB3F70D88A6247A62C54E73","ܠܦܘܬܩܐ ܕܡܝܟܝ ܦܪܘܩܢ ܕܗܘܝܬܝ ܠܟܪܝܗܐ ܠܡܐܢܐ ܕܥܐܠܝܢ ܠܟܝ ܟܠ ܡܣܟܢܐ ܘܥܬܪܝܢ ܡܢܟܝ ܒܟܠ ܛܘܒܝܢ"
"6693","ܥܽܘܢܳܝܳܐ : ܒܪܺܝܟ ܕܰܐܘܪܶܒ ܠܥܺܕܰܬ ܩܽܘܕܫܳܐ . ܒܰܫܡܰܝܳܐ ܘܒܰܐܪܒܰܥ ܦܶܢ̈ܝܳܢ","true",,"04FAF8B950C348A579912ECB03377DAA","ܥܘܢܝܐ ܒܪܝܟ ܕܐܘܪܒ ܠܥܕܬ ܩܘܕܫܐ ܒܫܡܝܐ ܘܒܐܪܒܥ ܦܢܝܢ"
"6694","ܗܘܳܐ ܚܠܽܘܠܳܐ ܪܰܒܳܐ ܒܕܰܒܪܳܐ . ܘܰܓܢܽܘܢܳܐ ܒܛܽܘܪܳܐ ܕܣܺܝܢܰܝ . ܢܚܶܬ ܩܰܕܺܝܫܳܐ ܡܟܰܪ ܘܰܫܩܰܠ . ܒܰܪ̄ܬ ܐܰܒܪܳܗܳܡ ܚܰܒܺܝܒܶܗ . ܪܰܒ ܓܽܘܢܚܳܐ ܕܰܗܘܳܐ ܬܰܡܳܢ . ܕܟܰܠܬܳܐ ܓܳܪܰܬ ܒܰܓܢܽܘܢܳܗ̇ . ܡܳܟܽܘܪܳܐ ܣܠܶܩ ܨܶܝܕ ܚܰܬܢܳܐ . ܘܓܳܝܽܘܪܳܐ ܥܰܠ ܠܰܓܢܽܘܢܳܐ . ܣܢܳܬ ܡܰܠܟܳܐ ܘܪܶܚܡܰܬ ܥܶܓܠܳܐ . ܒܪܺܝܟ ܕ","true",,"1466DE1696A5D29A7B31783F216A3660","ܗܘܐ ܚܠܘܠܐ ܪܒܐ ܒܕܒܪܐ ܘܓܢܘܢܐ ܒܛܘܪܐ ܕܣܝܢܝ ܢܚܬ ܩܕܝܫܐ ܡܟܪ ܘܫܩܠ ܒܪܬ ܐܒܪܗܡ ܚܒܝܒܗ ܪܒ ܓܘܢܚܐ ܕܗܘܐ ܬܡܢ ܕܟܠܬܐ ܓܪܬ ܒܓܢܘܢܗ ܡܟܘܪܐ ܣܠܩ ܨܝܕ ܚܬܢܐ ܘܓܝܘܪܐ ܥܠ ܠܓܢܘܢܐ ܣܢܬ ܡܠܟܐ ܘܪܚܡܬ ܥܓܠܐ ܒܪܝܟ ܕܟܝܐ ܕܟܬܒ ܘܫܪܗ"
"6695","ܥܳܪܩܳܐ ܗ̄ܝ̣ ܕܶܝܢ ܥܺܕܰܬ ܩܽܘܕܫܳܐ . ܡܶܢ ܫ̈ܡܳܗܶܐ ܕܐ̄ܢܳܫ̈ܳܐ ܐܰܚܰܝ̈ . ܕܣܰܒܶܠ̈ܠܝܳܢܶܐ ܘܰܐܪ̈ܝܰܢܽܘ . ܥܰܡ ܫܰܪܟܳܐ ܕܰܐܝܠܶܝܢ ܕܣܰܕܶܩܘ̄ . ܕܠܳܐ ܨܳܒܶܝܢ ܠܡܶܬܟܰܢܳܝܽܘ . ܒܰܫ̈ܡܳܗܶܐ ܕܪ̈ܰܒܳܢܰܝܗܽܘܢ . ܕܢܶܫܬܰܦܪܽܘܢ ܐܶܨܛܰܢܰܥܘ̄ ܗ̄ܘܰܘ . ܕܰܐܪܓܶܫܘ̄ ܒܶܗ ܒܚܽܘܒܶܗ ܐܰܝܟܰܘ . ܕܒܰܡܫܺܝܚܳܐ ܬܰܠܝܳܐ ܟ","true",,"4A99481143A8FE3F847E5FC9181FCA65","ܥܪܩܐ ܗܝ ܕܝܢ ܥܕܬ ܩܘܕܫܐ ܡܢ ܫܡܗܐ ܕܐܢܫܐ ܐܚܝ ܕܣܒܠܠܝܢܐ ܘܐܪܝܢܘ ܥܡ ܫܪܟܐ ܕܐܝܠܝܢ ܕܣܕܩܘ ܕܠܐ ܨܒܝܢ ܠܡܬܟܢܝܘ ܒܫܡܗܐ ܕܪܒܢܝܗܘܢ ܕܢܫܬܦܪܘܢ ܐܨܛܢܥܘ ܗܘܘ ܕܐܪܓܫܘ ܒܗ ܒܚܘܒܗ ܐܝܟܘ ܕܒܡܫܝܚܐ ܬܠܝܐ ܟܠܗ ܒܪܝܟܘ ܫܡܐ ܕܒܗ ܐܬܬܠܝܬ"
"6696","ܗܶܢܽܘ̇ܢ ܐܰܠܦܽܘܢܝ̄ ܕܶܐܣܢܶܐ ܐܶܢܽܘܢ . ܠܰܟ̈ܬܳܒܶܐ ܟܣܰܝ̈ܳܐ ܕܰܟܬܰܒܘ̄ . ܐܰܝ̄ܟ ܐ̄ܢܳܫ ܕܰܡܟܰܣܶܐ ܡܽܘܡܰܘ̈ܗ̄ܝ̄ . ܡܰܛܫܶܐ ܠܗܽܘܢ ܕܠܳܐ ܢܶܬܦܰܪܣܽܘܢ . ܥܺܕܬܳܐ ܚܰܘܝܰܬ ܦܰܐܝܽܘܬܳܗ̇ . ܒܓܶܠܝܳܐ ܫܽܘܦܪܳܗ̇ ܡܶܬܢܰܨܰܚ . ܠܰܝܬ ܒܳܗ̇ ܟܽܘܬܡܳܐ ܕܰܬܟܰܣܶܝܘܗ̄ܝ̄ . ܘܳܐܦ ܠܳܐ ܡܽܘܡܳܐ ܕܰܬܚܰܦܶܝܘܗ̄ܝ̄ . ܕܰܐܝ","true",,"A889CAF64BCCBB87D4B48346D39792C5","ܗܢܘܢ ܐܠܦܘܢܝ ܕܐܣܢܐ ܐܢܘܢ ܠܟܬܒܐ ܟܣܝܐ ܕܟܬܒܘ ܐܝܟ ܐܢܫ ܕܡܟܣܐ ܡܘܡܘܗܝ ܡܛܫܐ ܠܗܘܢ ܕܠܐ ܢܬܦܪܣܘܢ ܥܕܬܐ ܚܘܝܬ ܦܐܝܘܬܗ ܒܓܠܝܐ ܫܘܦܪܗ ܡܬܢܨܚ ܠܝܬ ܒܗ ܟܘܬܡܐ ܕܬܟܣܝܘܗܝ ܘܐܦ ܠܐ ܡܘܡܐ ܕܬܚܦܝܘܗܝ ܕܐܝܟ ܢܘܗܪܐ ܓܠܐ ܝܘܠܦܢܗ ܒܪܝܟܘ ܕܢܗܪܗ ܒܫܪܪܗ"
"6697","ܝܰܒܶܠ ܡܶܢ ܐܳܕܳܡ ܘܰܠܢܽܘܚ . ܡܬܰܚ ܡܶܢ ܢܽܘܚ ܨܶܝܕ ܐܰܒܪܳܗܳܡ . ܘܡܶܢ ܐܰܒܪܳܗܳܡ ܨܶܝܕ ܡܽܘܫܶܐ . ܘܡܶܢܶܗ ܕܡܽܘܫܶܐ ܨܶܝܕ ܕܰܘܺܝܕ . ܘܡܶܢ ܕܰܘܺܝܕ ܬܽܘܒ ܠܰܫܒܺܝܬܳܐ . ܘܡܶܢ ܒܳܒܶܝܠ ܨܶܕ ܦܳܪܽܘܩܰܢ . ܘܶܐܬܒܰܕܰܪܘ̄ ܥܰܡܳܐ ܘܰܦܣܰܩܘ̄ . ܘܰܒܛܶܠܘ̄ ܟܽܠܗܽܘܢ ܛܽܘܟܳܣܰܘ̈ܗ̄ܝ̄ . ܘܝܰܒܠܰܬ ܐܺܝܕܳܐ ܠܰܫ̈ܠܺܝܚܶ","true",,"A4C5FB395439F4228677B98672089952","ܝܒܠ ܡܢ ܐܕܡ ܘܠܢܘܚ ܡܬܚ ܡܢ ܢܘܚ ܨܝܕ ܐܒܪܗܡ ܘܡܢ ܐܒܪܗܡ ܨܝܕ ܡܘܫܐ ܘܡܢܗ ܕܡܘܫܐ ܨܝܕ ܕܘܝܕ ܘܡܢ ܕܘܝܕ ܬܘܒ ܠܫܒܝܬܐ ܘܡܢ ܒܒܝܠ ܨܕ ܦܪܘܩܢ ܘܐܬܒܕܪܘ ܥܡܐ ܘܦܣܩܘ ܘܒܛܠܘ ܟܠܗܘܢ ܛܘܟܣܘܗܝ ܘܝܒܠܬ ܐܝܕܐ ܠܫܠܝܚܐ ܒܪܝܟ ܡܪܐ ܕܝܘܒܠܝܗܘܢ"
"6698","ܩܽܘܡܝ̄ ܥܺܕܬܳܐ ܘܟܰܢܶܫܝ̄ ܝܰܠ̈ܕܰܝܟܝ̄ . ܘܰܦܪܽܘܥܝ̄ ܠܶܗ ܩܳܠܰܝ̈ ܫܽܘܒܚܳܐ . ܠܗܰܘ̇ ܕܰܒܚܽܘܒܶܗ ܨܒܳܐ ܘܡܰܟܪܶܟܝ̈ . ܘܥܰܒܕܶܟܝ̄ ܟܰܠܬܳܐ ܡܫܰܒܰܚܬܳܐ ܀","true",,"57870637B4911C8135C0F4E88C3DBF17","ܩܘܡܝ ܥܕܬܐ ܘܟܢܫܝ ܝܠܕܝܟܝ ܘܦܪܘܥܝ ܠܗ ܩܠܝ ܫܘܒܚܐ ܠܗܘ ܕܒܚܘܒܗ ܨܒܐ ܘܡܟܪܟܝ ܘܥܒܕܟܝ ܟܠܬܐ ܡܫܒܚܬܐ"
"6699","ܒܗܳܢܳܐ ܝܰܘܡܳܐ ܗܳܐ ܣܳܓܕܳܐ . ܥܺܕܰܬ ܩܽܘܕܫܳܐ ܘܰܡܫܰܒܚܳܐ . ܘܰܒܟܽܠ ܩܺܝ̈ܢܳܢ ܗܳܐ ܙܳܡܪܳܐ . ܫܽܘܒܚܳܐ ܠܰܒܪܳܐ ܘܒܰܕܡܶܗ ܚܝܳܬ ܀","true",,"0C837B9776E6864A416B566ADB0EF73F","ܒܗܢܐ ܝܘܡܐ ܗܐ ܣܓܕܐ ܥܕܬ ܩܘܕܫܐ ܘܡܫܒܚܐ ܘܒܟܠ ܩܝܢܢ ܗܐ ܙܡܪܐ ܫܘܒܚܐ ܠܒܪܐ ܘܒܕܡܗ ܚܝܬ"
"6700","ܚܽܘܤ ܥܰܠ ܥܺܕܬܳܟ ܦܳܪܽܘܩܰܢ . ܘܰܐܩܺܝܡ ܟܳܗ̈ܢܶܝܗ̇ ܒܰܐܘܝܽܘܬܳܐ . ܕܢܶܗܘܽܘܢ ܡܰܠܦܺܝܢ ܫܰܘܝܳܐܺܝܬ . ܗܰܝܡܳܢܽܘܬܳܐ ܕܰܫܪܳܪܳܐ ܀","true",,"FAD273EAB7369C6F16DEFE723CE03A84","ܚܘܤ ܥܠ ܥܕܬܟ ܦܪܘܩܢ ܘܐܩܝܡ ܟܗܢܝܗ ܒܐܘܝܘܬܐ ܕܢܗܘܘܢ ܡܠܦܝܢ ܫܘܝܐܝܬ ܗܝܡܢܘܬܐ ܕܫܪܪܐ"
"6701","ܠܰܐܒܳܐ ܘܠܰܒܪܳܐ ܣܳܓܕܺܝܢܰܢ . ܘܰܠܪܽܘܚ ܩܽܘܕܫܳܐ ܡܰܘܕܶܝܢܰܢ . ܕܢܶܛܘܽܪ ܥܺܕܬܶܗ ܡܗܰܝܡܰܢܬܳܐ . ܘܢܶܦܪܽܘܩ ܝܰܠ̈ܕܶܝܗ̇ ܒܰܚܢܳܢܶܗ ܀","true",,"CB508957DDDD6CB1F869DE1879BF3BB2","ܠܐܒܐ ܘܠܒܪܐ ܣܓܕܝܢܢ ܘܠܪܘܚ ܩܘܕܫܐ ܡܘܕܝܢܢ ܕܢܛܘܪ ܥܕܬܗ ܡܗܝܡܢܬܐ ܘܢܦܪܘܩ ܝܠܕܝܗ ܒܚܢܢܗ"
"6702","ܠܶܟܝ̄ ܛܽܘܒܰܝܟܝ̄ ܐܳܘ ܥܺܕܬܳܐ ܡܗܰܝܡܰܢܬܳܐ ܡܟܺܝܪܬܶܗ ܕܰܡܫܺܝܚܳܐ . ܕܚܰܬܢܳܐ ܕܡܰܟܪܶܟܝ̄ ܝܰܗ̄ܒ ܠܶܟܝ̄ ܦܰܓܪܶܗ ܘܰܕܡܶܗ ܚܰܝܳܐ . ܘܝܰܠ̈ܕܰܝܟܝ̄ ܙܳܡܪܺܝܢ ܬܶܫܒܽܘܚܬܳܐ ܒܠܺܠܝܳܐ ܘܒܺܐܝܡܳܡܳܐ ܀","true",,"3F55B14D7E3DDB537C8B7BBF7839421D","ܠܟܝ ܛܘܒܝܟܝ ܐܘ ܥܕܬܐ ܡܗܝܡܢܬܐ ܡܟܝܪܬܗ ܕܡܫܝܚܐ ܕܚܬܢܐ ܕܡܟܪܟܝ ܝܗܒ ܠܟܝ ܦܓܪܗ ܘܕܡܗ ܚܝܐ ܘܝܠܕܝܟܝ ܙܡܪܝܢ ܬܫܒܘܚܬܐ ܒܠܠܝܐ ܘܒܐܝܡܡܐ"
"6703","ܝܰܘܡܳܢܳܐ ܐܶܫܰܥܝܳܐ ܚܳـܕܶܐ ܒܶܟܝ̄ ܥܺܕܬܳܐ ܩܰܕܺܝܫܬܳܐ . ܕܶܐܬܢܰܒܺܝ ܗܘܳܐ ܒܰܢܒܺܝܽܘܬܶܗ ܡܶܛܽܠܳܬܶܟܝ̄ . ܕܥܰܡ̈ܡܶܐ ܘܡܰܠ̈ܟܶܐ ܘܶܐܡ̈ܘܳܬܳܐ ܢܺܐܬܽܘܢ ܠܺܐܝܩܳܪܶܟܝ̄ ܀","true",,"FFD8AB7A18D31951300638760CDACF49","ܝܘܡܢܐ ܐܫܥܝܐ ܚـܕܐ ܒܟܝ ܥܕܬܐ ܩܕܝܫܬܐ ܕܐܬܢܒܝ ܗܘܐ ܒܢܒܝܘܬܗ ܡܛܠܬܟܝ ܕܥܡܡܐ ܘܡܠܟܐ ܘܐܡܘܬܐ ܢܐܬܘܢ ܠܐܝܩܪܟܝ"
"6704","ܠܳܟ ܬܶܫܒܽܘܚܬܳܐ ܡܶܠܬܳܐ ܝܚܺܝܕܳܐ ܐܰܠܳܗܳܐ . ܕܰܢܚܶܬ ܡܶܢ ܪܰܘܡܳܐ . ܘܰܡܟܰܪ ܥܺܕܬܳܐ ܘܦܰܘܩܳܗ̇ ܒܰܕܡܶܗ ܡܶܢ ܛܳܥܝܽܘܬܳܐ . ܘܝܰܗ̄ܒ ܠܳܗ̇̇ ܦܰܓܪܶܗ ܠܚܽܘܣܳܝܳܐ ܘܰܕܡܶܗ ܠܫܽܘܒܩܳܢܳܐ ܀","true",,"84BD035B488D3BE30401E47AB24F4F9A","ܠܟ ܬܫܒܘܚܬܐ ܡܠܬܐ ܝܚܝܕܐ ܐܠܗܐ ܕܢܚܬ ܡܢ ܪܘܡܐ ܘܡܟܪ ܥܕܬܐ ܘܦܘܩܗ ܒܕܡܗ ܡܢ ܛܥܝܘܬܐ ܘܝܗܒ ܠܗ ܦܓܪܗ ܠܚܘܣܝܐ ܘܕܡܗ ܠܫܘܒܩܢܐ"
"6705","ܝܰܘܡܳܢܳܐ ܐܶܬܥܰܗܕ ܒܛܰܝܒܽܘܬܳܟ ܡܰܠܟܳܐ ܫܡܰܝܳܢܳܐ . ܠܟܽܠ ܥܰܢܺܝ̈ܕܶܐ ܕܶܐܟܰܠܘ̄ ܦܰܓܪܳܟ ܘܶܐܫܬܺܝܘ ܠܰܕܡܳܟ . ܘܡܳܐ ܕܳܐܬܶܐ ܐܰܢ̄ܬ ܒܬܶܫܒܽܘܚܬܳܐ ܥܰܡܳܟ ܢܶܬܒܰܣܡܽܘܢ ܀","true",,"8ABEDDC5086BE53D15534B8B76174674","ܝܘܡܢܐ ܐܬܥܗܕ ܒܛܝܒܘܬܟ ܡܠܟܐ ܫܡܝܢܐ ܠܟܠ ܥܢܝܕܐ ܕܐܟܠܘ ܦܓܪܟ ܘܐܫܬܝܘ ܠܕܡܟ ܘܡܐ ܕܐܬܐ ܐܢܬ ܒܬܫܒܘܚܬܐ ܥܡܟ ܢܬܒܣܡܘܢ"
"6706","ܣܓܺܝܕ ܘܰܡܫܰܒܰܚ ܐܰܒܳܐ ܘܰܒܪܳܐ ܘܪܽܘܚ ܩܽܘܕܫܳܐ ܐ̄ܪܳܙܳܐ ܬܠܺܝܬܳܝܳܐ . ܩܢܽܘ̈ܡܶܐ ܬܠܳܬܳܐ ܫ̈ܡܳܗܶܐ ܬܠܳܬܳܐ ܚܕܳܐ ܐܽܘܣܺܝܰܐ . ܚܰܕ ܐܰܠܳܗܳܐ ܕܒܰܠܚܽܘܕܰܘܗ̄ܝ̄ ܡܶܣܬܓܶܕ ܘܡܶܫܬܰܒܰܚ ܀","true",,"BF8E1587127558618B38F5DFCDC9CBF3","ܣܓܝܕ ܘܡܫܒܚ ܐܒܐ ܘܒܪܐ ܘܪܘܚ ܩܘܕܫܐ ܐܪܙܐ ܬܠܝܬܝܐ ܩܢܘܡܐ ܬܠܬܐ ܫܡܗܐ ܬܠܬܐ ܚܕܐ ܐܘܣܝܐ ܚܕ ܐܠܗܐ ܕܒܠܚܘܕܘܗܝ ܡܣܬܓܕ ܘܡܫܬܒܚ"
"6707","ܢܚܶܬ ܪܳܡܳܐ ܥܰܠ ܛܽܘܪ ܣܺܝܢܰܝ . ܒܩ̈ܳܠܶܐ ܕܩܰܪ̈ܢܳܬܳܐ . ܘܚܰܘܺܝ ܠܡܽܘܫܶܐ ܒܶܢܝܳܢܳܗ̇ . ܕܥܺܕܬܳܐ ܩܰܕܺܝܫܬܳܐ ܀","true",,"CC3A96E71177820FF1E0431F19A56906","ܢܚܬ ܪܡܐ ܥܠ ܛܘܪ ܣܝܢܝ ܒܩܠܐ ܕܩܪܢܬܐ ܘܚܘܝ ܠܡܘܫܐ ܒܢܝܢܗ ܕܥܕܬܐ ܩܕܝܫܬܐ"
"6708","ܡܰܢ ܗܺܝ̣ ܗܳܕܶܐ ܒܰܪ̄ܬ ܡܰܠܟܳܐ . ܕܰܐܝ̄ܟ ܕܶܐܡܰܪ ܕܰܘܺܝܕ . ܒܰܠܒܽܘܫܳܐ ܕܕܰܗܒܳܐ ܕܰܐܘܦܺܝܪ . ܡܨܰܒܬܳܐ ܟܰܕ ܝܳܬܒܳܐ ܀","true",,"35EC21FD00E4D6D39AC1BA9108209B5C","ܡܢ ܗܝ ܗܕܐ ܒܪܬ ܡܠܟܐ ܕܐܝܟ ܕܐܡܪ ܕܘܝܕ ܒܠܒܘܫܐ ܕܕܗܒܐ ܕܐܘܦܝܪ ܡܨܒܬܐ ܟܕ ܝܬܒܐ"
"6709","ܡܰܠ̈ܟܶܐ ܕܰܫܒܳܐ ܘܰܕܣܰܒܰܐ . ܩܽܘܪ̈ܒܳܢܶܐ ܢܩܰܪܒܽܘܢ . ܠܗܰܘ̇ ܕܰܫܪܶܐ ܒܶܟܝ̄ ܥܰܠ ܡܰܕܒܚܳܐ . ܘܗܽܘܝܽܘ ܡܩܰܕܶܫ ܠܶܟܝ̄ ܀","true",,"64F64B61F543300094895A7AABF002E8","ܡܠܟܐ ܕܫܒܐ ܘܕܣܒܐ ܩܘܪܒܢܐ ܢܩܪܒܘܢ ܠܗܘ ܕܫܪܐ ܒܟܝ ܥܠ ܡܕܒܚܐ ܘܗܘܝܘ ܡܩܕܫ ܠܟܝ"
"6710","ܩܽܘܡܝ̄ ܐܰܢܗܰܪܝ̄ ܕܰܡܛܳܐ ܢܽܘܗܪܶܟܝ̄ . ܥܺܕܬܳܐ ܡܗܰܝܡܰܢܬܳܐ . ܘܺܐܝܩܳܪܶܗ ܕܡܳܪܝܳܐ ܡܪܰܝܡܳܐ . ܢܶܫܪܶܐ ܒܣܳܚܪ̈ܳܬܶܟܝ̄ ܀","true",,"7804BC1448D37E1C59E4EE2C0DCF47A5","ܩܘܡܝ ܐܢܗܪܝ ܕܡܛܐ ܢܘܗܪܟܝ ܥܕܬܐ ܡܗܝܡܢܬܐ ܘܐܝܩܪܗ ܕܡܪܝܐ ܡܪܝܡܐ ܢܫܪܐ ܒܣܚܪܬܟܝ"
"6711","ܣܓܺܝܕ ܐܰܒܳܐ ܘܰܒܪܳܐ ܘܪܽܘܚܳܐ . ܐ̄ܪܳܙܳܐ ܬܠܺܝܬܳܝܳܐ . ܕܡܶܢ ܥܶܠܳܝ̈ܶܐ ܘܬܰܚ̈ܬܳܝܶܐ . ܡܶܣܬܓܶܕ ܘܡܶܫܬܰܒܰܚ ܀","true",,"4BC3B76165CBF5D31EBD413755A71382","ܣܓܝܕ ܐܒܐ ܘܒܪܐ ܘܪܘܚܐ ܐܪܙܐ ܬܠܝܬܝܐ ܕܡܢ ܥܠܝܐ ܘܬܚܬܝܐ ܡܣܬܓܕ ܘܡܫܬܒܚ"
"6712","ܛܽܘܒܰܝܟܝ̄ ܥܺܕܬܳܐ . ܕܰܨܒܳܐ ܒܶܟܝ̄ ܡܳܪܝܳܐ ܘܡܰܟܪܶܟܝ̄ . ܘܪܰܡܪܶܡ ܥܺܐܕܳܐ . ܕܩܽܘܕܳܫܶܟܝ̄ ܒܰܐܪܒܰܥ ܦܶܢ̈ܝܳܢ ܀","true",,"6EA90456FE9DE20F4358BE871E5D9BA6","ܛܘܒܝܟܝ ܥܕܬܐ ܕܨܒܐ ܒܟܝ ܡܪܝܐ ܘܡܟܪܟܝ ܘܪܡܪܡ ܥܐܕܐ ܕܩܘܕܫܟܝ ܒܐܪܒܥ ܦܢܝܢ"
"6713","ܩܽܘܡܝ̄ ܥܺܕܬܳܐ . ܩܽܘܫܝ̄ ܟܰܦܳܐ ܘܰܙܡܰܪܝ̄ ܫܽܘܒܚܳܐ . ܒܝܽܘܡ ܩܽܘܕܳܫܶܟܝ̄ . ܠܰܡܫܺܝܚܳܐ ܕܦܰܪܩܶܟܝ̄ ܒܰܕܡܶܗ ܀","true",,"6560C29837F351643A33E55FE9A0988E","ܩܘܡܝ ܥܕܬܐ ܩܘܫܝ ܟܦܐ ܘܙܡܪܝ ܫܘܒܚܐ ܒܝܘܡ ܩܘܕܫܟܝ ܠܡܫܝܚܐ ܕܦܪܩܟܝ ܒܕܡܗ"
"6714","ܐܳܘ ܥܺܕܬܳܐ . ܕܶܐܬܟܰܠܠܰܬ ܒܰܟܠܺܝܠ ܩܽܘܕܫܳܐ . ܙܡܰܪܝ̄ ܫܽܘܒܚܳܐ . ܠܰܡܫܺܝܚܳܐ ܕܶܐܬܳܐ ܘܡܰܟܪܶܟܝ̄ ܀","true",,"703CCB6BF1139E5789B68FEF44897F1D","ܐܘ ܥܕܬܐ ܕܐܬܟܠܠܬ ܒܟܠܝܠ ܩܘܕܫܐ ܙܡܪܝ ܫܘܒܚܐ ܠܡܫܝܚܐ ܕܐܬܐ ܘܡܟܪܟܝ"
"6715","ܥܺܕܬܳܐ ܟܰܠܬܳܟ . ܒܟܽܠ ܥܶܕܳܢ ܠܳܟ ܗ̄ܘ̣ ܡܦܺܝܣܳܐ . ܘܰܡܫܰܒܚܳܐ ܠܳܟ . ܕܬܶܥܒܶܕ ܪ̈ܰܚܡܶܐ ܥܰܠ ܝܰܠ̈ܕܶܝܗ̇ ܀","true",,"029DF9BD1530CF140B5ACE4DB9B1BF23","ܥܕܬܐ ܟܠܬܟ ܒܟܠ ܥܕܢ ܠܟ ܗܘ ܡܦܝܣܐ ܘܡܫܒܚܐ ܠܟ ܕܬܥܒܕ ܪܚܡܐ ܥܠ ܝܠܕܝܗ"
"6716","ܢܰܣܶܩ ܫܽܘܒܚܳܐ . ܠܰܐܒܳܐ ܘܠܰܒܪܳܐ ܘܪܽܘܚ ܩܽܘܕܫܳܐ . ܘܢܶܣܓܽܘܕ ܠܶܗ . ܒܥܺܕܬܳܐ ܕܰܓܒܳܐ ܠܺܐܝܩܳܪܶܗ ܀","true",,"081EF287AFA7FE62E16ADBBD7D696B3F","ܢܣܩ ܫܘܒܚܐ ܠܐܒܐ ܘܠܒܪܐ ܘܪܘܚ ܩܘܕܫܐ ܘܢܣܓܘܕ ܠܗ ܒܥܕܬܐ ܕܓܒܐ ܠܐܝܩܪܗ"
"6717","ܥܺܕܬܳܐ ܙܡܰܪܝ̄ ܫܽܘܒܚܳܐ ܒܦܽܘܡ ܝܰܠ̈ܕܰܝܟܝ̄ . ܒܝܰܘܡܳܐ ܕܩܽܘܕܳܫܶܟܝ̄ ܫܰܦܝܳܐ . ܘܰܐܣܶܩܝ̄ ܠܶܗ ܩܳܠܰܝ̈ ܬܶܫܒܽܘܚܬܳܐ . ܠܰܡܫܺܝܚܳܐ ܕܶܐܬܳܐ ܘܡܰܟܪܶܟܝ̄ ܀","true",,"2AD5D57F915A3E193BAB7415C491CA2B","ܥܕܬܐ ܙܡܪܝ ܫܘܒܚܐ ܒܦܘܡ ܝܠܕܝܟܝ ܒܝܘܡܐ ܕܩܘܕܫܟܝ ܫܦܝܐ ܘܐܣܩܝ ܠܗ ܩܠܝ ܬܫܒܘܚܬܐ ܠܡܫܝܚܐ ܕܐܬܐ ܘܡܟܪܟܝ"
"6718","ܥܺܕܬܳܐ ܕܒܰܢ̈ܒܺܝܶܐ ܐܶܬܡܰܟܪܰܬ . ܗܳܐ ܙܳܡܪܳܐ ܠܶܗ ܬܶܫܒܽܘܚܬܳܐ . ܠܰܒܪܳܐ ܕܒܰܫ̈ܠܺܝܚܶܐ ܘܰܒܣܳܗ̈ܕܶܐ . ܫܰܡܠܺܝ ܘܰܚܬܰܡ ܠܗܽܘܢ ܐ̄ܪ̈ܳܙܶܝܗ̇ ܀","true",,"124EA118F41D7692D335E7459C317937","ܥܕܬܐ ܕܒܢܒܝܐ ܐܬܡܟܪܬ ܗܐ ܙܡܪܐ ܠܗ ܬܫܒܘܚܬܐ ܠܒܪܐ ܕܒܫܠܝܚܐ ܘܒܣܗܕܐ ܫܡܠܝ ܘܚܬܡ ܠܗܘܢ ܐܪܙܝܗ"
"6719","ܥܺܕܬܳܐ ܒܟܽܠ ܦܶܢ̈ܝܳܢ ܗܳܐ ܙܳܡܪܳܐ . ܫܽܘܒܚܳܐ ܠܰܒܪܳܐ ܝܚܺܝܕܳܐ . ܕܶܐܬܳܐ ܘܒܰܨܠܺܝܒܶܗ ܦـܪܰܩ ܝܰܠ̈ܕܶܝܗ̇ . ܫܽܘܒܚܳܐ ܠܶܗ ܘܰܠܫܳܠܽܘܚܶܗ ܀","true",,"FCE210F2C5E556C511ACEC1A25A106E7","ܥܕܬܐ ܒܟܠ ܦܢܝܢ ܗܐ ܙܡܪܐ ܫܘܒܚܐ ܠܒܪܐ ܝܚܝܕܐ ܕܐܬܐ ܘܒܨܠܝܒܗ ܦـܪܩ ܝܠܕܝܗ ܫܘܒܚܐ ܠܗ ܘܠܫܠܘܚܗ"
"6720","ܥܺܕܬܳܐ ܐܰܘܕܳܝ ܠܶܗ ܠܺܝܚܺܝܕܳܐ . ܘܠܰܐܒܽܘܗ̄ܝ ܘܰܠܪܽܘܚܶܗ ܚܰܝܳܐ . ܚܰܕ ܚܰܝܠܳܐ ܣܓܺܝܕܳܐ ܘܰܟܝܳܢܳܐ . ܘܫܽܘܒܚܳܐ ܦܰܐܝܳܐ ܘܫܽܘܠܛܳܢܳܐ ܀","true",,"F9A26CCBF5442BCCB7D227B821965E10","ܥܕܬܐ ܐܘܕܝ ܠܗ ܠܝܚܝܕܐ ܘܠܐܒܘܗܝ ܘܠܪܘܚܗ ܚܝܐ ܚܕ ܚܝܠܐ ܣܓܝܕܐ ܘܟܝܢܐ ܘܫܘܒܚܐ ܦܐܝܐ ܘܫܘܠܛܢܐ"
"6721","ܒܥܶܕܳܢܶܗ ܕܨܰܦܪܳܐ ܡܩܰܕܡܺܝܢܰܢ . ܘܟܽܠܰܢ ܠܰܐܒܳܐ ܡܫܰܒܚܺܝܢܰܢ . ܘܠܰܒܪܳܐ ܕܡܶܢ ܥܽܘܒܶܗ ܣܳܓܕܺܝܢܰܢ . ܘܰܠܪܽܘܚ ܩܽܘܕܫܳܐ ܡܗܰܠܠܺܝܢܰܢ ܀","true",,"E4E6E69F2447FAB46F42EE7E00A20AA4","ܒܥܕܢܗ ܕܨܦܪܐ ܡܩܕܡܝܢܢ ܘܟܠܢ ܠܐܒܐ ܡܫܒܚܝܢܢ ܘܠܒܪܐ ܕܡܢ ܥܘܒܗ ܣܓܕܝܢܢ ܘܠܪܘܚ ܩܘܕܫܐ ܡܗܠܠܝܢܢ"
"6722","ܥܰܡ ܟܶܢ̈ܫܶܐ ܫ̈ܡܰܝܳܢܶܐ ܝܰܠ̈ܕܶܝܗ̇ ܕܥܺܕܬܳܐ ܙܡܰܪܘ̄ ܠܶܗ ܬܶܫܒܽܘܚܬܳܐ . ܒܫܰܘܝܽܘܬܳܐ ܐܰܪܺܝܡܘ̄ ܩܳܠܰܝܟܽܘ̈ܢ ܘܶܐܡܰܪܘ̄ . ܡܒܰܪܰܟ ܐܰܢ̄ܬ ܡܳܪܝ̄ ܡܪܰܝܡܳܐ . ܥܰܡ̈ܡܶܐ ܫܰܒܚܽܘܗ̄ܝ ܘܪܰܡܪܡܽܘܗ̄ܝ ܠܥܳܠܰܡ ܥܳܠܡܺܝ̈ܢ ܀","true",,"D943223680D7982A85C73B838E917988","ܥܡ ܟܢܫܐ ܫܡܝܢܐ ܝܠܕܝܗ ܕܥܕܬܐ ܙܡܪܘ ܠܗ ܬܫܒܘܚܬܐ ܒܫܘܝܘܬܐ ܐܪܝܡܘ ܩܠܝܟܘܢ ܘܐܡܪܘ ܡܒܪܟ ܐܢܬ ܡܪܝ ܡܪܝܡܐ ܥܡܡܐ ܫܒܚܘܗܝ ܘܪܡܪܡܘܗܝ ܠܥܠܡ ܥܠܡܝܢ"
"6723","ܒܪܺܝܟܽܘ ܕܰܐܬܩܶܢ ܫܶܬܶܐܣܶܝ̈ܗ̇ ܕܥܺܕܰܬ ܩܽܘܕܫܳܐ ܥܰܠ ܦܰܣܰܬ ܐܺܝܕܰܘ̈ܗ̄ܝ̄ . ܘܣܳܡ ܒܳܗ̇ ܕܽܘܡ̈ܣܶܐ ܫܰܪܺܝܪ̈ܶܐ ܢܒܺܝ̈ܶܐ ܘܰܫ̈ܠܺܝܚܶܐ ܘܣܳܗ̈ܕܶܐ . ܥܰܡ̈ܡܶܐ ܫܰܒܚܽܘܗ̄ܝ ܘܪܰܡܪܡܽܘܗ̄ܝ ܠܥܳܠܰܡ ܥܳܠܡܺܝ̈ܢ ܀","true",,"AF71BE774CF438611A557FD242F3C02B","ܒܪܝܟܘ ܕܐܬܩܢ ܫܬܐܣܝܗ ܕܥܕܬ ܩܘܕܫܐ ܥܠ ܦܣܬ ܐܝܕܘܗܝ ܘܣܡ ܒܗ ܕܘܡܣܐ ܫܪܝܪܐ ܢܒܝܐ ܘܫܠܝܚܐ ܘܣܗܕܐ ܥܡܡܐ ܫܒܚܘܗܝ ܘܪܡܪܡܘܗܝ ܠܥܠܡ ܥܠܡܝܢ"
"6724","ܣܪ̈ܳܦܶܐ ܕܶܫܬܳܐ ܓܶܦܰܝ̈ܗܽܘܢ ܚܙܳܐ ܐܶܫܰܥܝܳܐ ܒܓܰܘ ܗܰܝܟܰܠ ܩܽܘܕܫܳܐ . ܟܰܕ ܩܳـܥܶܝܢ ܩܰܕܺܝܫ ܩܰܕܺܝܫ ܩܰܕܺܝܫܰܬ . ܩܰܕܺܝܫ ܡܳܪܝܳܐ ܐܰܠܳܗܳܐ . ܥܰܡ̈ܡܶܐ ܫܰܒܚܽܘܗ̄ܝ ܘܪܰܡܪܡܽܘܗ̄ܝ ܠܥܳܠܰܡ ܥܳܠܡܺܝ̈ܢ ܀","true",,"DD1F8BF69DBDB8AD3EF21CEFAC622D46","ܣܪܦܐ ܕܫܬܐ ܓܦܝܗܘܢ ܚܙܐ ܐܫܥܝܐ ܒܓܘ ܗܝܟܠ ܩܘܕܫܐ ܟܕ ܩـܥܝܢ ܩܕܝܫ ܩܕܝܫ ܩܕܝܫܬ ܩܕܝܫ ܡܪܝܐ ܐܠܗܐ ܥܡܡܐ ܫܒܚܘܗܝ ܘܪܡܪܡܘܗܝ ܠܥܠܡ ܥܠܡܝܢ"
"6725","ܓܰܕܽܘ̈ܕܶܐ ܘܰܒܬܽܘ̈ܠܳܬܳܐ . ܣܳܒ̈ܶܐ ܥܠܰܝܡ̈ܶܐ ܘܟܽܠܗܽܘܢ ܝܰܠܽܘܕܶܐ . ܐܰܘܕܰܘ ܠܶܗ ܘܒܰܪܶܟܘ̄ ܠܰܫܡܶܗ . ܕܗܽܘܝܽܘ ܡܰܠܟܳܐ ܕܰܠܥܳܠܡܺܝ̈ܢ . ܥܰܡ̈ܡܶܐ ܫܰܒܚܽܘܗ̄ܝ ܘܪܰܡܪܡܽܘܗ̄ܝ ܠܥܳܠܰܡ ܥܳܠܡܺܝ̈ܢ ܀","true",,"4B338F0D57F8E7E5F1FF1800F38AC654","ܓܕܘܕܐ ܘܒܬܘܠܬܐ ܣܒܐ ܥܠܝܡܐ ܘܟܠܗܘܢ ܝܠܘܕܐ ܐܘܕܘ ܠܗ ܘܒܪܟܘ ܠܫܡܗ ܕܗܘܝܘ ܡܠܟܐ ܕܠܥܠܡܝܢ ܥܡܡܐ ܫܒܚܘܗܝ ܘܪܡܪܡܘܗܝ ܠܥܠܡ ܥܠܡܝܢ"
"6726","ܠܳܟ ܝܳܐܶܐ ܐܺܝܩܳܪܳܐ ܐܰܒܳܐ ܘܰܒܪܳܐ ܘܪܽܘܚܳܐ ܩܰܕܺܝܫܳܐ . ܕܡܶܢ ܥܶܠܳܝ̈ܶܐ ܘܬܰܚ̈ܬܳܝܶܐ ܒܕܶܚܠܳܐ ܡܶܣܬܓܶܕ ܘܡܶܫܬܰܒܰܚ . ܥܰܡ̈ܡܶܐ ܫܰܒܚܽܘܗ̄ܝ ܘܪܰܡܪܡܽܘܗ̄ܝ ܠܥܳܠܰܡ ܥܳܠܡܺܝ̈ܢ ܀","true",,"8E36167C0DD9680083A4EFB2B4B807E8","ܠܟ ܝܐܐ ܐܝܩܪܐ ܐܒܐ ܘܒܪܐ ܘܪܘܚܐ ܩܕܝܫܐ ܕܡܢ ܥܠܝܐ ܘܬܚܬܝܐ ܒܕܚܠܐ ܡܣܬܓܕ ܘܡܫܬܒܚ ܥܡܡܐ ܫܒܚܘܗܝ ܘܪܡܪܡܘܗܝ ܠܥܠܡ ܥܠܡܝܢ"
"6727","ܬܰܘ ܡܗܰܝܡ̈ܢܶܐ ܒܠܶܒܳܐ ܕܰܟܝܳܐ ܘܫܰܦܝܳܐ . ܘܰܒܥܰܝ̈ܢܶܐ ܥܺܝܪ̈ܳܬܳܐ ܕܪܶܥܝܳܢܳܐ . ܒܫܽܘܦܪܳܐ ܢܰܨܺܝܚܳܐ ܕܥܺܕܰܬ ܩܽܘܕܫܳܐ ܒܰܪ̄ܬ ܡܰܠܟܳܐ ܢܰܨܶܕ ܪܰܒܳܐ ܘܰܫܡܰܝܳܢܳܐ . ܕܝܰܬܺܝܪ ܡܶܢ ܕܰܗܒܳܐ ܓܐܶܐ ܘܡܰܨܡܰܚ . ܘܰܒܫܽܘܒܚܳܐ ܟܽܠܰܢ ܡܰܘܪܒܺܝܢܰܢ ܀","true",,"76EC8F7C63CBD7AB4BB2A5BA52A69D1B","ܬܘ ܡܗܝܡܢܐ ܒܠܒܐ ܕܟܝܐ ܘܫܦܝܐ ܘܒܥܝܢܐ ܥܝܪܬܐ ܕܪܥܝܢܐ ܒܫܘܦܪܐ ܢܨܝܚܐ ܕܥܕܬ ܩܘܕܫܐ ܒܪܬ ܡܠܟܐ ܢܨܕ ܪܒܐ ܘܫܡܝܢܐ ܕܝܬܝܪ ܡܢ ܕܗܒܐ ܓܐܐ ܘܡܨܡܚ ܘܒܫܘܒܚܐ ܟܠܢ ܡܘܪܒܝܢܢ"
"6728","ܚܕܳܝ ܘܶܐܬܦܨܰܚܝ̄ ܐܳܘ ܥܺܕܬܳܐ ܟܰܠܬܳܐ ܫܒܺܝܚܬܳܐ . ܕܡܰܠܟܳܐ ܪܰܒܳܐ ܡܫܺܝܚܳܐ ܐܰܠܳܗܰܢ . ܕܚܳܙܝܰܬܝ̄ ܒܰܐܦ̈ܶܐ ܓܰܠ̈ܝܳܬܳܐ ܒܬܶܗܪܳܐ . ܠܫܽܘܦܪܳܐ ܟܺܝܬ ܪܓܺܝܓܳܐ ܕܚܰܬܢܳܐ ܗܰܘ̇ ܫܡܰܝܳܢܳܐ . ܟܰܕ ܡܰܙܥܩܰܬܝ̄ ܥܰܡ ܥܰܡܳܐ ܕܺܝܠܶܟܝ̄ . ܠܳܟ ܝܳܗܶܒ ܚܰܝ̈ܶܐ ܟܽܠܰܢ ܡܰܘܪܒܺܝܢܰܢ ܀","true",,"2F7256A32EB1C50FF16C79264774BD95","ܚܕܝ ܘܐܬܦܨܚܝ ܐܘ ܥܕܬܐ ܟܠܬܐ ܫܒܝܚܬܐ ܕܡܠܟܐ ܪܒܐ ܡܫܝܚܐ ܐܠܗܢ ܕܚܙܝܬܝ ܒܐܦܐ ܓܠܝܬܐ ܒܬܗܪܐ ܠܫܘܦܪܐ ܟܝܬ ܪܓܝܓܐ ܕܚܬܢܐ ܗܘ ܫܡܝܢܐ ܟܕ ܡܙܥܩܬܝ ܥܡ ܥܡܐ ܕܝܠܟܝ ܠܟ ܝܗܒ ܚܝܐ ܟܠܢ ܡܘܪܒܝܢܢ"
"6729","ܬܰܘ ܟܽܠܟܽܘܢ ܥܰܡ̈ܡܶܐ ܡܗܰܝܡ̈ܢܶܐ ܗܳܫܳܐ ܥܛܺܝܦܰܝ̈ ܙܳܟܽܘܬܳܐ ܕܪܽܘܚܳܐ ܩܰܕܺܝܫܳܐ . ܟܰܕ ܡܰܦܪܓܺܝܢܰܢ ܒܫܽܘܒܚܳܐ ܐܰܠܳܗܳܝܳܐ . ܢܗܰܕܰܪ ܠܥܺܕܬܳܐ ܓܒܺܝܬܳܐ ܘܩܰܕܺܝܫܬܳܐ . ܘܰܢܩܰܠܶܣ ܒܚܰܕܘܰܬ ܠܶܒܳܐ . ܘܰܒܙܶܕܩܳܐ ܟܽܠܰܢ ܡܰܘܪܒܺܝܢܰܢ ܀","true",,"5D331D792F2DB46E29ECFF43C52A854E","ܬܘ ܟܠܟܘܢ ܥܡܡܐ ܡܗܝܡܢܐ ܗܫܐ ܥܛܝܦܝ ܙܟܘܬܐ ܕܪܘܚܐ ܩܕܝܫܐ ܟܕ ܡܦܪܓܝܢܢ ܒܫܘܒܚܐ ܐܠܗܝܐ ܢܗܕܪ ܠܥܕܬܐ ܓܒܝܬܐ ܘܩܕܝܫܬܐ ܘܢܩܠܣ ܒܚܕܘܬ ܠܒܐ ܘܒܙܕܩܐ ܟܠܢ ܡܘܪܒܝܢܢ"
"6730","ܚܰܝܠܳܐ ܘܥܽܘܫܢܳܐ ܕܡܶܢ ܪܰܘܡܳܐ ܡܫܺܝܚܳܐ . ܠܥܺܕܬܳܐ ܩܰܕܺܝܫܬܳܐ ܫܰܟܶܢ ܒܪ̈ܰܚܡܰܝܟ . ܠܰܐܚܪܺܝܢ ܓܶܝܪ ܠܳܐ ܡܰܫܬܰܘܕܥܳܐ ܐܶܠܳܐ ܐܶܢ ܠܳܟ ܐܰܠܳܗܝ̄ ܘܦܳܪܽܘܩܝ̄ . ܗܰܘ̇ ܕܰܚܠܳܦ ܗܳܕܶܐ ܡܶܢܩܕܺܝܡ ܢܰܦܫܳܟ ܣܳܡܬ ܡܶܛܽܠ ܦܽܘܪܩܳܢܳܗ̇ . ܕܒܶܗ ܗܘܳܐ ܐܶܣܬܰܟܠܰܬ ܠܡܰܘܪܳܒܽܘ ܠܰܫܡܳܟ ܀","true",,"3D145F8D5F87376188E5314BD20E72D2","ܚܝܠܐ ܘܥܘܫܢܐ ܕܡܢ ܪܘܡܐ ܡܫܝܚܐ ܠܥܕܬܐ ܩܕܝܫܬܐ ܫܟܢ ܒܪܚܡܝܟ ܠܐܚܪܝܢ ܓܝܪ ܠܐ ܡܫܬܘܕܥܐ ܐܠܐ ܐܢ ܠܟ ܐܠܗܝ ܘܦܪܘܩܝ ܗܘ ܕܚܠܦ ܗܕܐ ܡܢܩܕܝܡ ܢܦܫܟ ܣܡܬ ܡܛܠ ܦܘܪܩܢܗ ܕܒܗ ܗܘܐ ܐܣܬܟܠܬ ܠܡܘܪܒܘ ܠܫܡܟ"
"6731","ܠܶܟܝ̄ ܥܢܳܢܳܐ ܕܢܽܘܗܪܳܐ ܡܰܢܗܪܰܬ ܥܳܠ̈ܡܶܐ . ܒܬܽܘܠܬܳܐ ܕܟܺܝܬܳܐ ܘܩܰܕܺܝܫܬܳܐ ܐܶܡܶܗ ܕܡܶܠܬܳܐ ܡܬܽܘܡܳܝܶܗ ܕܰܐܒܳܐ . ܗܳܝ̇ ܕܰܠܡܽܘܫܶܐ ܙܰܗܝܳܐ ܒܓܰܘ ܚܽܘܪܺܝܒ ܘܥܰܠ ܛܽܘܪܳܐ ܕܣܺܝܢܰܝ ܒܰܐܪܙܳܐ ܐܶܬܚܰܘܺܝܬܝ̄ ܒܣܰܢܝܳܐ ܕܕܳܠܶܩ ܘܠܳܐ ܝܳܩܶܕ . ܒܬܶܫܶܒ̈ܚܳܬܳܐ ܢܰܘܪܶܒ ܘܰܢܝܰܩܰܪ ܀","true",,"2620D98873249A330548551AC458B863","ܠܟܝ ܥܢܢܐ ܕܢܘܗܪܐ ܡܢܗܪܬ ܥܠܡܐ ܒܬܘܠܬܐ ܕܟܝܬܐ ܘܩܕܝܫܬܐ ܐܡܗ ܕܡܠܬܐ ܡܬܘܡܝܗ ܕܐܒܐ ܗܝ ܕܠܡܘܫܐ ܙܗܝܐ ܒܓܘ ܚܘܪܝܒ ܘܥܠ ܛܘܪܐ ܕܣܝܢܝ ܒܐܪܙܐ ܐܬܚܘܝܬܝ ܒܣܢܝܐ ܕܕܠܩ ܘܠܐ ܝܩܕ ܒܬܫܒܚܬܐ ܢܘܪܒ ܘܢܝܩܪ"
"6732","ܫܶܡܥܽܘܢ ܟܺܐܦܳܐ . ܗܰܘ̇ ܐܰܪܕܶܟܠܳܐ ܚܰܟܺܝܡܳܐ . ܥܰܠ ܫܽܘܥܳܐ ܕܗܰܝܡܳܢܽܘܬܶܗ . ܡܳܪܰܢ ܝܶܫܽܘܥ ܠܥܺܕܬܶܗ ܒܢܳܐ . ܐܶܬܕܰܟܪܰܝܢ ܡܳܐ ܕܳܐܬܶܐ ܐܰܢ̄ܬ ܀","true",,"C70D699ADE850159C3464F8F8E5AFAA8","ܫܡܥܘܢ ܟܐܦܐ ܗܘ ܐܪܕܟܠܐ ܚܟܝܡܐ ܥܠ ܫܘܥܐ ܕܗܝܡܢܘܬܗ ܡܪܢ ܝܫܘܥ ܠܥܕܬܗ ܒܢܐ ܐܬܕܟܪܝܢ ܡܐ ܕܐܬܐ ܐܢܬ"
"6733","ܐܶܡܰܪ ܡܳܪܰܢ . ܠܫܶܡܥܽܘܢ ܪܺܫܳܐ ܕܰܫ̈ܠܺܝܚܶܐ . ܥܠܰܝܟ ܒܳـܢܶܐ ܐ̄ܢܳܐ ܠܳܗ̇̇ ܠܥܺܕܬܝ̄ ܪܥܺܝ ܠܺܝ ܥܶܪ̈ܒܰܝ ܘܢܶܩ̈ܘܳܬܝ̄ . ܐܶܬܕܰܟܪܰܝܢ ܡܳܐ ܕܳܐܬܶܐ ܐܰܢ̄ܬ ܀","true",,"47E0741C15868A3D3108AB87DC86218A","ܐܡܪ ܡܪܢ ܠܫܡܥܘܢ ܪܫܐ ܕܫܠܝܚܐ ܥܠܝܟ ܒـܢܐ ܐܢܐ ܠܗ ܠܥܕܬܝ ܪܥܝ ܠܝ ܥܪܒܝ ܘܢܩܘܬܝ ܐܬܕܟܪܝܢ ܡܐ ܕܐܬܐ ܐܢܬ"
"6734","ܥܺܕܰܬ ܩܽܘܕܫܳܐ . ܙܡܰܪܝ̄ ܫܽܘܒܚܳܐ ܠܰܡܩܰܕܫܳܢܶܟܝ̄ . ܕܟܰܢܶܫ ܝܰܠ̈ܕܰܝܟܝ̄ ܡܶܢ ܥܰܡ̈ܡܶܐ ܘܥܰܒܕܶܟܝ̄ ܡܰܠܟܬܳܐ ܡܫܰܒܰܚܬܳܐ . ܐܶܬܕܰܟܪܰܝܢ ܡܳܐ ܕܳܐܬܶܐ ܐܰܢ̄ܬ ܀","true",,"BBB3D2982DA0546EFF5DAF8B009B08B4","ܥܕܬ ܩܘܕܫܐ ܙܡܪܝ ܫܘܒܚܐ ܠܡܩܕܫܢܟܝ ܕܟܢܫ ܝܠܕܝܟܝ ܡܢ ܥܡܡܐ ܘܥܒܕܟܝ ܡܠܟܬܐ ܡܫܒܚܬܐ ܐܬܕܟܪܝܢ ܡܐ ܕܐܬܐ ܐܢܬ"
"6735","ܟܰܠܬܳܐ ܦܐܺܝܬܳܐ . ܕܩܰܕܫܶܟܝ̄ ܗ̄ܘܳܐ ܚܰܬܢܳܐ ܕܪܰܘܡܳܐ . ܙܰܡܶܢܝ̄ ܝܰܠ̈ܕܰܝܟܝ̄ ܠܬܶܫܒܽܘܚܬܶܗ ܕܰܢܙܰܡܪܽܘܢ ܠܶܗ ܒܰܚܠܽܘܠܶܟܝ̄ . ܐܶܬܕܰܟܪܰܝܢ ܡܳܐ ܕܳܐܬܶܐ ܐܰܢ̄ܬ ܀","true",,"D1625F4D77F543869DF026D0829A4B36","ܟܠܬܐ ܦܐܝܬܐ ܕܩܕܫܟܝ ܗܘܐ ܚܬܢܐ ܕܪܘܡܐ ܙܡܢܝ ܝܠܕܝܟܝ ܠܬܫܒܘܚܬܗ ܕܢܙܡܪܘܢ ܠܗ ܒܚܠܘܠܟܝ ܐܬܕܟܪܝܢ ܡܐ ܕܐܬܐ ܐܢܬ"
"6736","ܫܽܘܒܚܳܐ ܠܰܐܒܳܐ . ܘܬܰܘܕܺܝܬܳܐ ܠܰܒܪܳܐ ܕܡܶܢܶܗ . ܘܰܠܪܽܘܚ ܩܽܘܕܫܳܐ ܗܽܘܠܳܠܳܐ . ܚܰܕ ܐܰܠܳܗܳܐ ܫܰܪܺܝܪܳܐ ܕܠܶܗ ܣܳܓܕܺܝܢ ܟܽܠ ܒܢܶܝ̈ܗ̇ ܕܥܺܕܬܳܐ ܀","true",,"33F056801CEC655D811E5E38F1B5BE2D","ܫܘܒܚܐ ܠܐܒܐ ܘܬܘܕܝܬܐ ܠܒܪܐ ܕܡܢܗ ܘܠܪܘܚ ܩܘܕܫܐ ܗܘܠܠܐ ܚܕ ܐܠܗܐ ܫܪܝܪܐ ܕܠܗ ܣܓܕܝܢ ܟܠ ܒܢܝܗ ܕܥܕܬܐ"
